,actual,predicted,residual,abs_error,pct_error
1501,8.25574043367956,7.598295927152942,0.657444506526617,0.657444506526617,7.963483249116591
2586,7.792894220795022,8.50247837574006,-0.7095841549450377,0.7095841549450377,9.105527867317141
2653,4.868133193163444,5.067975879898248,-0.19984268673480443,0.19984268673480443,4.105119535666223
1055,8.553069168154456,6.9268914929363765,1.6261776752180799,1.6261776752180799,19.01279696501004
705,10.999064786365231,11.02944581578953,-0.03038102942429788,0.03038102942429788,0.27621466019510227
106,6.779415624184543,5.728835946451053,1.0505796777334906,1.0505796777334906,15.496611153116294
589,10.468352711442904,10.63144759474824,-0.16309488330533561,0.16309488330533561,1.5579803986453133
2468,11.28438399882391,11.071526933049645,0.21285706577426566,0.21285706577426566,1.886297610897061
2413,7.865359979833926,7.764513194011464,0.10084678582246198,0.10084678582246198,1.2821636400752674
1600,7.470634618316621,7.450499281830097,0.02013533648652377,0.02013533648652377,0.2695264527749173
2464,10.40008934249081,9.625888764278267,0.7742005782125432,0.7742005782125432,7.444172378879997
228,7.586804366321019,7.39658488372851,0.19021948259250898,0.19021948259250898,2.507241170431681
915,7.473466498977178,7.787818908840554,-0.31435240986337565,0.31435240986337565,4.206246323662494
794,7.475764637835136,7.447524768556249,0.02823986927888633,0.02823986927888633,0.37775225207015284
3021,7.688487931594587,8.893180753386584,-1.2046928217919977,1.2046928217919977,15.668787315663318
3543,12.1236561802333,11.854859619444786,0.2687965607885143,0.2687965607885143,2.217124576881079
1073,6.337731756605752,6.418534518550336,-0.08080276194458413,0.08080276194458413,1.2749476476400923
3351,4.861144842500119,4.083995246971539,0.7771495955285799,0.7771495955285799,15.986966459713361
1744,11.29753886711867,11.270853200873908,0.026685666244761208,0.026685666244761208,0.23620778435584294
1084,7.038698415921271,7.055481782782246,-0.016783366860974702,0.016783366860974702,0.2384441819955144
926,7.888708254873322,7.342928862719079,0.5457793921542429,0.5457793921542429,6.9184887375836555
3049,9.26375335724419,9.509349384883164,-0.2455960276389746,0.2455960276389746,2.6511503293308243
1117,10.295601726128082,9.96875096703717,0.3268507590909113,0.3268507590909113,3.174663975796893
642,11.216315208787725,10.997055806692615,0.2192594020951102,0.2192594020951102,1.9548256090674547
4767,4.690751659624822,4.874658107487328,-0.18390644786250565,0.18390644786250565,3.920617871235054
501,10.605787215774356,10.412741511063032,0.19304570471132365,0.19304570471132365,1.8201921345753578
4066,5.747900022415544,6.234593704406716,-0.4866936819911727,0.4866936819911727,8.46733033095869
333,8.575422963423893,9.151764295797928,-0.5763413323740352,0.5763413323740352,6.720850211496979
4684,8.566130829086468,8.878662145275076,-0.31253131618860763,0.31253131618860763,3.648453688419062
486,11.63669839441148,12.349110272944692,-0.7124118785332119,0.7124118785332119,6.122113458533456
1962,8.49542125273396,8.124170556065382,0.3712506966685787,0.3712506966685787,4.370009274691403
393,8.125693158854215,8.416393407750254,-0.29070024889603907,0.29070024889603907,3.5775440102519207
4842,9.715879918936771,9.552612225628856,0.16326769330791535,0.16326769330791535,1.6804210701461826
4866,11.0171450266658,11.926892668636896,-0.9097476419710961,0.9097476419710961,8.257562551542629
1755,11.423861772960826,11.298232641210914,0.1256291317499123,0.1256291317499123,1.0997080868683502
2515,9.358331894324609,8.691072135161022,0.6672597591635867,0.6672597591635867,7.130114284237435
3585,5.840545597852547,6.2523750319459985,-0.41182943409345185,0.41182943409345185,7.051215116698574
4315,10.151183208146998,10.999192128469476,-0.8480089203224779,0.8480089203224779,8.353793867515803
4966,7.697127530430695,7.7394382709708305,-0.042310740540135505,0.042310740540135505,0.5496951995774974
2099,8.953880394208495,8.29547173668874,0.6584086575197556,0.6584086575197556,7.353333175475789
3599,6.238372540097466,5.748814080480475,0.4895584596169913,0.4895584596169913,7.847534857373917
4121,8.485012691457403,8.857866431255864,-0.3728537397984617,0.3728537397984617,4.3942626058043
29,6.282458616675993,5.527463860159682,0.7549947565163109,0.7549947565163109,12.017504651957001
65,10.001288508659036,9.889258811616216,0.11202969704281962,0.11202969704281962,1.1201526377908726
838,11.565150525397476,11.223197794767431,0.3419527306300445,0.3419527306300445,2.9567512318936475
3906,11.171472878644868,11.260807146152619,-0.0893342675077502,0.0893342675077502,0.7996641846440815
3773,10.16328244014756,9.785807015881284,0.3774754242662759,0.3774754242662759,3.7141093587555103
4635,9.52082250032062,9.320918614563737,0.199903885756882,0.199903885756882,2.0996493291430456
3161,9.398223201306037,8.742785054526557,0.6554381467794794,0.6554381467794794,6.974064487938482
2659,6.590947362913672,6.444875732196026,0.14607163071764617,0.14607163071764617,2.21624635541122
4615,6.674693317035283,6.760875180563099,-0.0861818635278162,0.0861818635278162,1.2911733833202668
4628,9.025899021734206,8.934109360167536,0.09178966156667023,0.09178966156667023,1.0169586580310985
2451,9.128898052200547,9.464292104445182,-0.33539405224463437,0.33539405224463437,3.673981791962138
2846,8.64359016132073,8.413230662475808,0.23035949884492268,0.23035949884492268,2.665090483764029
1144,10.524584660133442,10.861121640806305,-0.33653698067286264,0.33653698067286264,3.1976271894856483
3078,8.64313442073532,8.867198215394549,-0.22406379465922832,0.22406379465922832,2.5923904888218314
1103,11.819785772614203,11.862980560428985,-0.04319478781478203,0.04319478781478203,0.36544476055447633
168,10.310317721865056,10.321232869269753,-0.010915147404697123,0.010915147404697123,0.105866256493235
1670,9.276835043197224,8.511656333811601,0.7651787093856228,0.7651787093856228,8.24827331544215
2570,10.786371012083864,10.975344530607574,-0.18897351852371003,0.18897351852371003,1.7519656825451757
2377,11.441884899298888,10.546134611396782,0.8957502879021053,0.8957502879021053,7.828695147571299
4395,9.490626409612505,8.83547847535333,0.6551479342591744,0.6551479342591744,6.903105295511507
4257,3.422569070364428,4.485815778067195,-1.0632467077027674,1.0632467077027674,31.06574873562903
3862,9.86841506281393,10.177210505312283,-0.30879544249835256,0.30879544249835256,3.129129049931763
23,7.300779003444786,8.000413242135005,-0.6996342386902192,0.6996342386902192,9.583008037362932
2633,12.05484818263712,11.552543297155793,0.5023048854813261,0.5023048854813261,4.166828796772469
3340,7.300652610639578,8.138120868079339,-0.8374682574397605,0.8374682574397605,11.47114240471159
2215,7.217612546681886,7.841899404583261,-0.6242868579013745,0.6242868579013745,8.64949252766934
3682,8.315746668087714,8.756534018591115,-0.4407873505034008,0.4407873505034008,5.300634664532946
4724,8.382881318151433,8.7778881817657,-0.39500686361426673,0.39500686361426673,4.71206556102565
1907,6.537167889892768,6.575040438988171,-0.03787254909540305,0.03787254909540305,0.5793418454795765
84,7.278272326072086,7.47899959032169,-0.20072726424960408,0.20072726424960408,2.7578971390032048
227,5.571952206597819,4.889826387731135,0.6821258188666839,0.6821258188666839,12.242133341685344
296,7.741615059998135,7.329427250792459,0.4121878092056761,0.4121878092056761,5.324312898680542
1001,6.9743589455494215,7.6208558100989965,-0.646496864549575,0.646496864549575,9.269624199111904
2138,6.901899372986314,7.163243237731136,-0.26134386474482163,0.26134386474482163,3.7865499136036136
711,7.845593974987806,7.454798604891932,0.39079537009587373,0.39079537009587373,4.981080735783056
2801,8.174680984363658,8.468228535129128,-0.2935475507654708,0.2935475507654708,3.5909358582550412
2527,12.13623732569097,10.976517437762107,1.1597198879288637,1.1597198879288637,9.555843848520288
3752,7.257945205872001,7.131898966126119,0.12604623974588147,0.12604623974588147,1.7366656287774735
3321,10.794452081938484,10.668881023121857,0.125571058816627,0.125571058816627,1.1632925679176924
3181,9.297456888817846,9.170768849667702,0.12668803915014415,0.12668803915014415,1.3626095895374706
4183,7.749969649967697,6.9258092660730926,0.8241603838946041,0.8241603838946041,10.634369179730134
1615,4.366468054259353,5.850133582777383,-1.4836655285180305,1.4836655285180305,33.978618647415985
3024,13.1234718988603,11.712419231688171,1.4110526671721288,1.4110526671721288,10.752129299676184
1413,7.600612956744321,7.056844966942188,0.5437679898021326,0.5437679898021326,7.15426496384908
763,8.087173659085803,7.801718718579913,0.2854549405058897,0.2854549405058897,3.529724382574448
655,5.209581861246792,6.06614100275143,-0.8565591415046381,0.8565591415046381,16.44199408548387
4797,7.350112384662786,7.5161789840538935,-0.16606659939110724,0.16606659939110724,2.259374968709763
3849,8.899049408054484,8.96655870765211,-0.06750929959762608,0.06750929959762608,0.7586124820986359
4153,11.056932203450094,10.694484011560297,0.36244819188979704,0.36244819188979704,3.2780176745291283
468,10.945053709896143,10.478354949146446,0.4666987607496971,0.4666987607496971,4.264015263147809
157,4.321714027221558,4.557382170222206,-0.2356681430006473,0.2356681430006473,5.453117478764762
1295,5.429805878201663,4.918071973147911,0.5117339050537524,0.5117339050537524,9.424534072353195
497,5.11216511638386,4.900137009112602,0.21202810727125776,0.21202810727125776,4.147520716647703
4740,4.6365180534539245,5.200560045579817,-0.5640419921258921,0.5640419921258921,12.16520642480223
2940,11.06347279050262,10.887800020760228,0.175672769742393,0.175672769742393,1.5878628082603354
3456,7.999069933941257,8.14033682270332,-0.14126688876206295,0.14126688876206295,1.7660414264244182
373,9.001879800770228,8.371864695737482,0.6300151050327454,0.6300151050327454,6.998706036697351
79,9.137619991515892,8.934357224150911,0.20326276736498095,0.20326276736498095,2.2244607190242816
1553,9.9985401548089,10.572225804160446,-0.5736856493515461,0.5736856493515461,5.737694108030622
1669,10.679419835287916,10.795988998832641,-0.11656916354472457,0.11656916354472457,1.091530863498278
2131,7.665562691814078,7.078078366085398,0.5874843257286795,0.5874843257286795,7.663942613841562
4439,7.353135090347274,7.402480396246227,-0.04934530589895303,0.04934530589895303,0.6710784623517987
465,5.550577502420524,5.718181107074193,-0.1676036046536682,0.1676036046536682,3.019570568658464
248,3.4628069741214675,3.926405803735909,-0.4635988296144413,0.4635988296144413,13.387948940817262
931,6.379493814446182,6.789920374890493,-0.4104265604443116,0.4104265604443116,6.433528621266352
1335,8.194923207874483,8.977692804718396,-0.782769596843913,0.782769596843913,9.551884465393789
4524,5.314663630425519,5.542886233237398,-0.22822260281187834,0.22822260281187834,4.294205968282619
1338,8.23799237104801,8.20498955987969,0.03300281116831982,0.03300281116831982,0.4006171610974837
1406,10.677417830435257,10.635147168849604,0.04227066158565229,0.04227066158565229,0.39588842786654493
1090,10.125062571299672,10.62141710071936,-0.49635452941968694,0.49635452941968694,4.902236661990069
4209,11.588814799446643,12.005115102468457,-0.41630030302181353,0.41630030302181353,3.5922595211521675
742,10.872205779142677,10.800883530944747,0.0713222481979301,0.0713222481979301,0.6560053189459976
2323,10.841690382685176,10.041541567761946,0.8001488149232294,0.8001488149232294,7.3802957535211915
3601,7.932240147203319,7.766820696411347,0.16541945079197173,0.16541945079197173,2.0854064894933106
2123,6.247150791098245,6.273462500227184,-0.02631170912893932,0.02631170912893932,0.42117935053579425
2094,11.00232644993484,10.283608151465213,0.7187182984696268,0.7187182984696268,6.532421136021494
240,11.461720130275756,11.24531417146611,0.21640595880964675,0.21640595880964675,1.8880757543365374
2351,13.535676797823148,12.594728265892424,0.940948531930724,0.940948531930724,6.951617905667269
1370,6.290994838833512,6.645316437059474,-0.35432159822596176,0.35432159822596176,5.632202971122779
1057,6.7445448818188805,5.348364813447828,1.3961800683710521,1.3961800683710521,20.70087890043854
4816,4.459705421135969,4.739935543335918,-0.28023012219994836,0.28023012219994836,6.2836016224714815
199,9.581487464556352,9.149915264762365,0.43157219979398675,0.43157219979398675,4.504229655264385
2280,8.399547222213702,8.072156455053017,0.3273907671606846,0.3273907671606846,3.897719228184787
4749,7.391792573020327,6.538961134039115,0.8528314389812115,0.8528314389812115,11.537545602862338
2220,5.889928314679611,6.182098747412812,-0.29217043273320176,0.29217043273320176,4.960509145841696
4771,9.254891337495636,9.478714452681439,-0.22382311518580345,0.22382311518580345,2.418430503651594
2819,9.1813621321307,9.598208383201191,-0.416846251070492,0.416846251070492,4.540135168089219
3150,5.65298274713544,5.1725420084210905,0.4804407387143499,0.4804407387143499,8.498889174176334
4256,10.47111079156699,9.717659013068578,0.7534517784984107,0.7534517784984107,7.195528664496707
3107,9.114700036215186,9.718722451614585,-0.6040224153993989,0.6040224153993989,6.626903935395058
1973,7.706959442088675,7.451196880767169,0.25576256132150643,0.25576256132150643,3.318592283290799
1375,6.781040062067481,7.555925785350664,-0.774885723283183,0.774885723283183,11.427240013192415
3968,12.977284297473258,12.534064852126155,0.44321944534710234,0.44321944534710234,3.4153481975685724
4062,7.065162248890204,6.693677587663707,0.37148466122649726,0.37148466122649726,5.257977780833697
4445,8.879857031476305,10.030709762770837,-1.1508527312945311,1.1508527312945311,12.960261941325403
3557,6.72247715807717,6.964250568749119,-0.24177341067194913,0.24177341067194913,3.5964928550401143
964,9.461888521257125,9.520536879164338,-0.05864835790721301,0.05864835790721301,0.6198377604582143
179,12.368708146146908,12.447104197289626,-0.07839605114271819,0.07839605114271819,0.6338257012486795
3698,6.958607275015512,7.031187788134934,-0.07258051311942193,0.07258051311942193,1.0430321794422597
3821,5.679751261783985,6.213344913645528,-0.5335936518615432,0.5335936518615432,9.394665844819826
4878,5.401110635154097,5.372357633434744,0.028753001719353577,0.028753001719353577,0.532353503966564
3899,10.678968956475067,10.331501695421238,0.3474672610538292,0.3474672610538292,3.2537528900966275
4487,11.939473281692363,11.576216560374753,0.3632567213176099,0.3632567213176099,3.042485315282853
3238,9.795893535857935,9.809140790190613,-0.013247254332677372,0.013247254332677372,0.13523273077831754
2974,11.761504847981891,11.485390180896964,0.2761146670849275,0.2761146670849275,2.3476134274799443
3580,9.836535323008674,10.134982329881,-0.29844700687232617,0.29844700687232617,3.034066336083069
2887,6.847626870946422,6.455308400382777,0.39231847056364444,0.39231847056364444,5.7292618005837905
2575,6.410126441401874,6.404762373830559,0.005364067571314912,0.005364067571314912,0.08368115075966907
1419,5.80049383078331,6.434344400071182,-0.6338505692878718,0.6338505692878718,10.927527686074193
3907,10.404495578493792,10.71009408688815,-0.30559850839435754,0.30559850839435754,2.9371775506929243
4673,5.3626535353157605,5.114568090222731,0.24808544509302966,0.24808544509302966,4.626169553174798
4902,8.447829441939836,8.039026339866798,0.4088031020730387,0.4088031020730387,4.839149569515541
1860,11.278899938089827,10.820055680852018,0.45884425723780886,0.45884425723780886,4.068164978467908
8,8.734982030592302,8.493839744046518,0.2411422865457844,0.2411422865457844,2.760650058594717
2894,9.47421639367799,9.094328552419368,0.37988784125862196,0.37988784125862196,4.009701968725516
2847,8.64700655656414,8.591285594538231,0.055720962025908705,0.055720962025908705,0.6443959728885559
3664,6.912740957017207,7.2295067650298765,-0.3167658080126694,0.3167658080126694,4.582347436165919
144,9.141127808751524,9.371247916999502,-0.2301201082479789,0.2301201082479789,2.517414842703181
2104,4.2442757910643785,4.108456990837653,0.13581880022672532,0.13581880022672532,3.200046531204908
3143,10.250963133588607,9.094568278502527,1.1563948550860808,1.1563948550860808,11.280841029434622
841,10.129822780463376,9.837942961085673,0.29187981937770324,0.29187981937770324,2.881391172416459
1128,12.140400801097648,10.896284794782671,1.244116006314977,1.244116006314977,10.247734211563204
151,8.404259611597759,8.870827999522438,-0.4665683879246796,0.4665683879246796,5.5515703879592415
3591,5.933342339943998,6.375366624040658,-0.44202428409665995,0.44202428409665995,7.44983617616158
1052,6.70295286640877,6.609003378073825,0.09394948833494521,0.09394948833494521,1.4016134412307208
1590,9.053382760045675,9.095624310266839,-0.04224155022116349,0.04224155022116349,0.4665830589598355
3008,11.889422062132663,11.482952734318344,0.4064693278143192,0.4064693278143192,3.4187475698159284
2029,9.679845696453626,9.681017041608632,-0.0011713451550061649,0.0011713451550061649,0.012100865982143773
3418,11.134544428216262,11.097726297637474,0.03681813057878891,0.03681813057878891,0.330665801516651
1807,8.902760785588923,8.139065564962548,0.7636952206263743,0.7636952206263743,8.578184217446156
2696,7.964096372997876,7.877157259694548,0.08693911330332771,0.08693911330332771,1.0916381373547062
3039,10.97043987599325,9.716838292891234,1.2536015831020162,1.2536015831020162,11.427085853187055
472,11.415791347529987,11.181173601769329,0.23461774576065864,0.23461774576065864,2.0552035213171833
3289,6.761020112837194,6.227777250810199,0.5332428620269951,0.5332428620269951,7.887017833514847
4074,9.932307896502046,9.76344264112099,0.16886525538105523,0.16886525538105523,1.7001613033011804
3496,11.315825566037269,11.105954297889387,0.20987126814788226,0.20987126814788226,1.8546704075907547
279,8.337556282829299,8.85561782278544,-0.5180615399561415,0.5180615399561415,6.21358971840536
1741,8.929261408613852,8.14618390179217,0.783077506821682,0.783077506821682,8.769790366605967
4624,4.606085042551921,5.228997205460424,-0.622912162908503,0.622912162908503,13.523679158198727
2886,1.8814256701128345,4.140398011461081,-2.2589723413482465,2.2589723413482465,120.06705219519884
1941,3.794028816786774,4.059004113641597,-0.26497529685482313,0.26497529685482313,6.984008547389872
100,9.861724140467423,9.470160329664475,0.391563810802948,0.391563810802948,3.970541106459999
2804,11.574234894026583,12.004953622156949,-0.4307187281303655,0.4307187281303655,3.721358103356428
3570,10.484234408891082,10.13820790473883,0.34602650415225256,0.34602650415225256,3.3004460855893036
3684,7.569483870034111,7.5541067708044665,0.01537709922964492,0.01537709922964492,0.2031459409077996
3661,11.726200493805203,11.805021652308245,-0.07882115850304139,0.07882115850304139,0.6721798637562232
530,8.198498440554554,8.457103457111128,-0.2586050165565741,0.2586050165565741,3.1542973195843143
1886,4.828002458906044,5.312061516630317,-0.4840590577242727,0.4840590577242727,10.02607313986235
681,7.945623739750536,7.490750602193282,0.45487313755725367,0.45487313755725367,5.724826048351681
3794,8.776103011111346,9.474928732555924,-0.6988257214445781,0.6988257214445781,7.962824964107658
3944,10.277729692261838,10.90437407177835,-0.6266443795165113,0.6266443795165113,6.097108975227433
4666,8.096091183133922,7.79689081045785,0.29920037267607213,0.29920037267607213,3.6956151543769353
2018,6.752375128274742,6.427425713590218,0.3249494146845233,0.3249494146845233,4.812372069256602
1096,6.842093801770185,6.736883111076139,0.10521069069404554,0.10521069069404554,1.5376972859802864
829,6.235775307743444,6.536769720463599,-0.30099441272015426,0.30099441272015426,4.826896382016623
2805,8.478817877375871,8.528949910454783,-0.050132033078911675,0.050132033078911675,0.5912620580361747
3829,9.393200229906538,9.32775805705023,0.06544217285630793,0.06544217285630793,0.6966973050137895
4381,10.609514500994276,10.976177395194142,-0.366662894199866,0.366662894199866,3.4559818374865685
3891,6.850953380983443,6.779037245679501,0.07191613530394125,0.07191613530394125,1.0497244880334862
764,3.843209325600348,4.647195284800453,-0.8039859592001055,0.8039859592001055,20.919650507834746
2767,8.983849614274803,8.759615606953853,0.2242340073209501,0.2242340073209501,2.4959679530326913
4328,8.234378465199361,7.7161881988658445,0.5181902663335167,0.5181902663335167,6.293010073844971
3295,8.603826798389791,8.997064286846612,-0.3932374884568208,0.3932374884568208,4.570495172339073
2194,6.034799922599957,6.204987763786212,-0.17018784118625518,0.17018784118625518,2.820107433038701
2357,8.182747538502618,8.447651825238937,-0.2649042867363196,0.2649042867363196,3.2373513357201187
3425,5.190292144229725,5.34673706020338,-0.15644491597365473,0.15644491597365473,3.0141832410644045
3979,6.14427792689188,5.8743841737027624,0.2698937531891179,0.2698937531891179,4.392603270888257
911,7.580529231884631,7.710385249056733,-0.12985601717210216,0.12985601717210216,1.713020465984247
3145,9.181786414023438,9.581973882424151,-0.40018746840071273,0.40018746840071273,4.3584924583902565
999,10.949236322854352,11.423547948602007,-0.47431162574765473,0.47431162574765473,4.331915137840468
3653,6.489298861805833,5.929661710752506,0.5596371510533267,0.5596371510533267,8.624000265224211
2483,6.242686785449518,6.590557998585538,-0.34787121313602043,0.34787121313602043,5.572459825260498
4076,4.967279944874058,5.4640546856473335,-0.4967747407732759,0.4967747407732759,10.00094108418267
2370,10.596918774735252,9.940304948774237,0.6566138259610153,0.6566138259610153,6.19627119844013
4838,10.407740076600389,10.331388101590063,0.07635197501032565,0.07635197501032565,0.7336076270965585
33,12.052701702422915,12.00706632477247,0.04563537765044501,0.04563537765044501,0.3786319347907787
3789,12.155581814958545,11.677915290710912,0.477666524247633,0.477666524247633,3.929606427063993
1020,7.916980700388937,7.797241977770236,0.11973872261870078,0.11973872261870078,1.5124291336572082
1647,6.081854862768827,6.1934932716202615,-0.11163840885143461,0.11163840885143461,1.8355980432030579
733,9.067472039535296,9.35164717876844,-0.2841751392331435,0.2841751392331435,3.1340062367339527
4582,5.631727560525361,5.352484938814369,0.279242621710992,0.279242621710992,4.958382995447006
3274,5.879908337360993,5.640357204800068,0.23955113256092453,0.23955113256092453,4.074062363163289
1620,8.425370773847176,8.293653669563904,0.13171710428327188,0.13171710428327188,1.563338965356031
3135,11.692084926859268,11.844305642331776,-0.1522207154725077,0.1522207154725077,1.3019125025582354
2689,8.927466979727226,8.628655388393009,0.29881159133421775,0.29881159133421775,3.3471038539013196
2707,5.135404616374291,5.495342236903393,-0.3599376205291023,0.3599376205291023,7.0089437428442825
297,8.602217107564373,8.761398123394063,-0.1591810158296898,0.1591810158296898,1.8504649887261475
2339,12.156124992739691,11.550816532012337,0.605308460727354,0.605308460727354,4.979452424920586
653,5.9686999524147,6.015852542059317,-0.047152589644617215,0.047152589644617215,0.7899976547747412
3774,10.951586211916055,10.056831463683253,0.8947547482328027,0.8947547482328027,8.170092723730283
1255,4.332929602453768,5.260305028476934,-0.9273754260231666,0.9273754260231666,21.402965455473534
4520,3.1639524176354707,3.9949999318774836,-0.8310475142420128,0.8310475142420128,26.266119225114103
230,5.627068656230467,6.269153245942743,-0.642084589712276,0.642084589712276,11.410640760555495
3276,7.408044207465174,7.769903853005284,-0.3618596455401102,0.3618596455401102,4.884685288128544
3230,8.677348855230619,8.203559515314764,0.4737893399158555,0.4737893399158555,5.460070210618074
691,5.270229114587738,5.505112165008366,-0.23488305042062763,0.23488305042062763,4.45679011886756
2754,9.390801481959898,9.573495988577967,-0.18269450661806985,0.18269450661806985,1.9454623438588627
4863,5.646011112018132,5.468899183769484,0.17711192824864863,0.17711192824864863,3.136939066089458
969,6.538133865954877,7.071612486099818,-0.5334786201449413,0.5334786201449413,8.159493688602048
633,5.20518223340796,5.495604952532046,-0.290422719124086,0.290422719124086,5.579491862169428
4092,6.850828446668304,7.877219586801623,-1.0263911401333186,1.0263911401333186,14.982000324828936
4077,11.04588434857677,11.055461147832018,-0.009576799255247792,0.009576799255247792,0.08670015865666504
1321,9.01366089656103,9.263592247298757,-0.249931350737727,0.249931350737727,2.7728062283004564
1831,8.633142692819407,8.464319237462611,0.16882345535679555,0.16882345535679555,1.9555272206633862
2178,6.288896120363011,6.134684504347186,0.15421161601582511,0.15421161601582511,2.4521253502104856
1417,9.538578527395602,8.385821339327642,1.1527571880679606,1.1527571880679606,12.085209392124254
1782,8.084168816911422,9.113486835558014,-1.0293180186465918,1.0293180186465918,12.732515141115588
4715,6.274249561288374,7.24684787318356,-0.9725983118951858,0.9725983118951858,15.501428535709524
4701,6.558070385576328,6.208887239919127,0.349183145657201,0.349183145657201,5.324479993767473
4118,5.787443568092991,5.922009895758226,-0.1345663276652349,0.1345663276652349,2.3251428041064353
1652,10.201744471214262,10.668136422364814,-0.4663919511505519,0.4663919511505519,4.57168822907245
1483,10.330292755732827,10.876385504527551,-0.5460927487947238,0.5460927487947238,5.286324034637527
2275,5.360349152413589,5.824449504171847,-0.46410035175825826,0.46410035175825826,8.658024665227062
877,9.494122606332418,8.956271285717772,0.5378513206146458,0.5378513206146458,5.665097691659344
3525,7.641941065519444,7.52637740616934,0.11556365935010415,0.11556365935010415,1.512229136017931
2016,11.53591130282923,11.650881391238734,-0.11497008840950329,0.11497008840950329,0.9966277079584202
426,8.355282251901427,8.399088300459468,-0.043806048558041155,0.043806048558041155,0.52429166648526
626,5.081348048855411,5.682093105006303,-0.6007450561508927,0.6007450561508927,11.822552802424395
1589,10.649150202775978,10.437529876782547,0.21162032599343128,0.21162032599343128,1.9872038797825102
2223,4.301362961894695,5.1750822693862215,-0.8737193074915268,0.8737193074915268,20.312615215960868
2217,10.801425645777258,10.945622982801183,-0.14419733702392534,0.14419733702392534,1.334984304412615
4483,10.981915296312758,11.590164738843505,-0.608249442530747,0.608249442530747,5.5386462754358545
1485,9.051081645525828,8.938761212690522,0.1123204328353058,0.1123204328353058,1.240961436811572
1739,13.76141519652734,13.53180703024458,0.22960816628275893,0.22960816628275893,1.6684923970661099
2480,8.228263385775374,8.097357759173738,0.13090562660163663,0.13090562660163663,1.5909265474892305
2584,12.120664796801831,12.045730573908067,0.07493422289376461,0.07493422289376461,0.6182352548313754
2893,7.051070898314563,7.056294016450886,-0.005223118136322924,0.005223118136322924,0.0740755299676737
149,8.420400820373663,8.970289360080379,-0.5498885397067159,0.5498885397067159,6.530431881297476
676,7.848787716444733,7.953680873516155,-0.10489315707142222,0.10489315707142222,1.336424946895311
1261,9.212683205631624,9.42190457723841,-0.20922137160678567,0.20922137160678567,2.2710145018216914
4917,9.59506009513958,9.274124461389864,0.32093563374971623,0.32093563374971623,3.344800663752878
12,9.893371837354756,9.25472114478438,0.6386506925703763,0.6386506925703763,6.455339019594919
1833,6.646204174713441,6.317755521801007,0.3284486529124342,0.3284486529124342,4.941898326898687
3248,7.880850628640368,8.721157630467335,-0.8403070018269672,0.8403070018269672,10.662643430559982
1491,6.417434317712884,6.642340371772269,-0.22490605405938524,0.22490605405938524,3.5046101436304182
2727,8.176262871826095,8.375350959045672,-0.19908808721957705,0.19908808721957705,2.4349521332734803
3686,7.314756619462831,7.40305257656738,-0.08829595710454896,0.08829595710454896,1.2070935739627258
1424,6.765279936927127,6.697208035213735,0.06807190171339172,0.06807190171339172,1.0061949002558321
4605,7.4261107262420305,7.501765725128676,-0.07565499888664551,0.07565499888664551,1.018770143290478
4595,8.311356589810723,8.140759036861121,0.17059755294960155,0.17059755294960155,2.052583728133443
731,9.0080976402099,8.759562700822094,0.24853493938780602,0.24853493938780602,2.759016934701152
1231,5.749253316154814,5.658454301845769,0.09079901430904513,0.09079901430904513,1.579318379552162
1634,11.22633731031809,10.218362947121763,1.0079743631963272,1.0079743631963272,8.978657378038172
3936,11.46919534790056,11.559130264941208,-0.08993491704064738,0.08993491704064738,0.7841432141716027
1210,10.027147698947632,10.010641341972976,0.016506356974655745,0.016506356974655745,0.1646166733575503
3268,9.059341920516983,8.715521238848718,0.34382068166826585,0.34382068166826585,3.7952059286955944
1934,6.122334591150322,6.060965903639904,0.06136868751041824,0.06136868751041824,1.0023739571359773
553,4.445615240181084,4.930264122031959,-0.48464888185087496,0.48464888185087496,10.901728009892588
491,6.143070211057646,5.986941167983733,0.1561290430739124,0.1561290430739124,2.541547430027368
2962,5.854892228029576,5.791076003521944,0.06381622450763214,0.06381622450763214,1.0899641192731064
2329,7.254284476066571,6.5974165845556225,0.6568678915109487,0.6568678915109487,9.054895678244984
2195,9.066754375527768,9.300593083233895,-0.23383870770612702,0.23383870770612702,2.5790784444021675
3064,8.283624878135708,7.646942241189102,0.6366826369466061,0.6366826369466061,7.686038978263056
657,7.350262141762542,6.896920357255263,0.4533417845072787,0.4533417845072787,6.167695461247461
2374,10.467851560674829,9.297385383522027,1.170466177152802,1.170466177152802,11.18153204951777
2225,8.180727687534475,7.8091104990268265,0.37161718850764824,0.37161718850764824,4.542593308342317
4264,10.18471511165215,10.187540001252007,-0.002824889599857272,0.002824889599857272,0.027736559824097257
1170,10.51746641793548,10.606562867643088,-0.08909644970760766,0.08909644970760766,0.8471284448854631
132,11.838094903703055,11.29181158768271,0.5462833160203449,0.5462833160203449,4.614621866643955
471,5.91539833260538,6.012297788236772,-0.0968994556313918,0.0968994556313918,1.638088429265817
3225,7.325531327427789,7.053227953563465,0.27230337386432346,0.27230337386432346,3.7171825727477605
1405,9.05945368421318,8.199312365699885,0.8601413185132945,0.8601413185132945,9.494406048039732
2876,7.493733419663163,7.694224807238435,-0.20049138757527274,0.20049138757527274,2.675453960627874
4504,6.266178023660521,6.148840381908572,0.1173376417519485,0.1173376417519485,1.8725551892859122
4692,6.556341404798724,7.168290730209694,-0.6119493254109702,0.6119493254109702,9.333701337808181
2826,8.176244836554657,7.6418753725013335,0.5343694640533236,0.5343694640533236,6.535634325237484
287,7.656481905594491,8.099962605811124,-0.44348070021663233,0.44348070021663233,5.792225537587789
1869,12.646002677075009,11.9735428019795,0.6724598750955089,0.6724598750955089,5.317568659973171
3114,6.622912666249847,6.544479546586519,0.07843311966332767,0.07843311966332767,1.1842692726875346
3625,6.252420767981662,7.897134499994976,-1.6447137320133143,1.6447137320133143,26.305231094423654
2312,9.100625489758803,9.310561153127333,-0.20993566336852965,0.20993566336852965,2.3068267516862035
4923,7.883731467360628,7.773422798740538,0.11030866862008981,0.11030866862008981,1.3991936315535076
1618,7.364462410317772,8.05608826495721,-0.6916258546394385,0.6916258546394385,9.39139635868676
994,7.802935991793693,7.2445215080152785,0.5584144837784146,0.5584144837784146,7.156466288659759
1803,5.777707476230587,6.257319757381868,-0.4796122811512813,0.4796122811512813,8.301082793208204
2642,4.048013055698535,4.533182885720548,-0.48516983002201286,0.48516983002201286,11.985382046607327
4802,8.040263649967581,8.746996089877925,-0.7067324399103434,0.7067324399103434,8.789916235062677
3535,7.44896720434477,7.148150658614007,0.300816545730763,0.300816545730763,4.0383658227855435
4831,6.235389621832833,6.1727059555661485,0.06268366626668431,0.06268366626668431,1.0052886839212312
3911,8.823966685687015,8.959063538546813,-0.13509685285979778,0.13509685285979778,1.531021791808583
2107,5.217275925811919,6.247137159014601,-1.0298612332026824,1.0298612332026824,19.739443492101948
3044,7.726609516974934,7.950037614615133,-0.22342809764019922,0.22342809764019922,2.891670624086024
416,9.26718240889311,9.365545079336556,-0.09836267044344638,0.09836267044344638,1.0614085932856372
977,5.104938108210168,5.075400431158846,0.029537677051322042,0.029537677051322042,0.5786098954621448
2417,8.914164534372198,8.589922813023483,0.32424172134871476,0.32424172134871476,3.6373764484430207
505,8.397129245578498,8.25011346522767,0.14701578035082719,0.14701578035082719,1.7507862038474427
4152,5.765632919893221,5.7401919817213845,0.02544093817183679,0.02544093817183679,0.4412514380521463
4255,6.438296442655244,7.054251321809183,-0.6159548791539384,0.6159548791539384,9.5670475045711
3941,2.6798588712618665,3.362302507397775,-0.6824436361359085,0.6824436361359085,25.46565580203729
414,7.650559212564324,8.16921814665158,-0.5186589340872567,0.5186589340872567,6.779359778504504
4148,6.745963252303499,6.867550888020283,-0.12158763571678399,0.12158763571678399,1.8023761940189384
1183,7.6783004589824015,7.146904253372468,0.5313962056099335,0.5313962056099335,6.920752951107607
485,10.836462052143652,10.538731045227184,0.29773100691646803,0.29773100691646803,2.747492728566067
893,8.918560240359325,9.585942035241873,-0.667381794882548,0.667381794882548,7.483066514059443
805,10.019198748001394,10.884742654473525,-0.8655439064721318,0.8655439064721318,8.63885354749339
555,10.6996572657953,10.68235216625026,0.017305099545041003,0.017305099545041003,0.16173508286440166
3825,13.663065062015912,13.76243018091424,-0.09936511889832822,0.09936511889832822,0.7272535002015678
1197,11.202877388303396,11.456955267687077,-0.2540778793836811,0.2540778793836811,2.267969831116393
4253,14.1686765851864,13.901399340988139,0.2672772441982616,0.2672772441982616,1.886395264873959
4058,8.699826754593849,8.799350090324968,-0.09952333573111893,0.09952333573111893,1.1439691678752881
1293,7.38823097297058,7.438694635269595,-0.05046366229901533,0.05046366229901533,0.6830276758216378
2221,4.742918554530298,4.564154822609073,0.17876373192122497,0.17876373192122497,3.769066026876533
3504,7.228597199543894,7.029941438266115,0.19865576127777906,0.19865576127777906,2.748192433385467
3654,6.514353226905074,7.02794167440101,-0.5135884474959358,0.5135884474959358,7.883951477711598
4758,10.210952066849709,10.844418165154469,-0.6334660983047602,0.6334660983047602,6.203790735257047
3006,6.706158005311627,6.707130454176248,-0.0009724488646210006,0.0009724488646210006,0.014500834365232227
2093,9.89757754675541,9.775110716759059,0.12246682999635183,0.12246682999635183,1.2373414546926027
2187,6.583737227038998,6.469303357920307,0.11443386911869169,0.11443386911869169,1.7381293507389528
3036,9.754422128845745,10.373412878764496,-0.6189907499187512,0.6189907499187512,6.345744952827845
3918,5.019784471647418,5.674970151282915,-0.6551856796354976,0.6551856796354976,13.052067939093718
1272,2.526825235975099,3.1866022338160374,-0.6597769978409382,0.6597769978409382,26.11090741249191
290,6.656939174705967,7.118691714137689,-0.46175253943172123,0.46175253943172123,6.93640917114308
4827,6.432926398835118,5.594495103233038,0.8384312956020796,0.8384312956020796,13.033435230253898
252,5.128339089250297,6.125141712421593,-0.9968026231712956,0.9968026231712956,19.437143406931316
3245,7.687387004902248,6.850263691591526,0.8371233133107214,0.8371233133107214,10.88956901450243
350,8.85374627025306,8.122771668290154,0.730974601962906,0.730974601962906,8.25610515199475
1187,6.270948979324667,5.734959878802696,0.535989100521971,0.535989100521971,8.54717686731511
1961,8.933527567834226,8.245579258577928,0.6879483092562975,0.6879483092562975,7.700746474811386
422,11.182356009792493,10.877919075418712,0.30443693437378094,0.30443693437378094,2.722475783342819
90,8.962841117450026,8.517670167211897,0.44517095023812914,0.44517095023812914,4.966850850132916
3729,9.45941928209858,8.63580901533431,0.8236102667642697,0.8236102667642697,8.706774086258191
2236,10.011627976178124,9.898968173510962,0.11265980266716191,0.11265980266716191,1.1252895426720508
670,7.172769137192766,7.013710383540688,0.15905875365207844,0.15905875365207844,2.217536220806486
3040,8.103624054790423,8.549678788454292,-0.4460547336638694,0.4460547336638694,5.504385823527759
26,12.824051271009102,12.940070773421692,-0.1160195024125894,0.1160195024125894,0.9047024217290114
429,8.676069479209465,8.88117804056742,-0.20510856135795485,0.20510856135795485,2.3640723699764985
683,11.245755080532842,11.138429185539374,0.10732589499346723,0.10732589499346723,0.9543680635483123
4463,7.984255316571588,9.100427735165477,-1.116172418593889,1.116172418593889,13.979668414125435
3945,9.61632230502184,8.465137316795106,1.151184988226733,1.151184988226733,11.971156453705394
3523,9.066741533716002,7.7735484308395035,1.293193102876498,1.293193102876498,14.263041447333318
1541,8.335391897939251,8.277083462988356,0.058308434950895105,0.058308434950895105,0.6995284164780619
2031,7.788716082174724,7.261951134180102,0.5267649479946215,0.5267649479946215,6.763180766085146
2232,4.746940785957765,4.771359569011706,-0.02441878305394063,0.02441878305394063,0.5144109470709098
4120,4.143957715853989,4.4118670314617425,-0.26790931560775366,0.26790931560775366,6.465059104796941
3235,6.588603874059672,6.801852202329345,-0.21324832826967288,0.21324832826967288,3.236623909190591
254,9.128637468360749,8.248656270513745,0.8799811978470036,0.8799811978470036,9.639786889302593
1029,7.452219932089333,7.982538366580115,-0.5303184344907814,0.5303184344907814,7.116247766752361
4392,9.373502531594657,8.691126293448436,0.6823762381462206,0.6823762381462206,7.27984268256374
3800,8.977612248995197,9.185694343799245,-0.20808209480404827,0.20808209480404827,2.3177888399817834
4310,6.437089583715317,6.583154482648706,-0.14606489893338903,0.14606489893338903,2.269113968879772
2509,7.958188544771922,7.60113616041872,0.3570523843532012,0.3570523843532012,4.486603733305167
2292,7.933605879359034,8.162898757643676,-0.2292928782846424,0.2292928782846424,2.8901470752561167
1323,11.632526137089496,11.122046074994103,0.5104800620953931,0.5104800620953931,4.388385257676431
1550,10.359161744296143,10.081971483894458,0.27719026040168515,0.27719026040168515,2.675798170197592
4647,9.31261755569491,9.69579077784655,-0.3831732221516404,0.3831732221516404,4.114559841634643
315,8.365985222903614,8.233221596409026,0.1327636264945884,0.1327636264945884,1.5869455056066861
1242,9.797445313707987,10.042653372258227,-0.24520805855024008,0.24520805855024008,2.502775475635061
2450,11.280966169954896,10.838319773766301,0.4426463961885947,0.4426463961885947,3.9238340893842474
1578,9.239713924104564,9.255381948620547,-0.015668024515983703,0.015668024515983703,0.16957261496061005
4625,11.247589772901424,11.44837089200087,-0.20078111909944596,0.20078111909944596,1.7851035035362295
3116,11.061321194180088,11.173158951192939,-0.11183775701285015,0.11183775701285015,1.0110705136353293
69,10.228197428837143,9.941690692860304,0.2865067359768396,0.2865067359768396,2.801145929869022
859,11.214074502290613,11.134064408708424,0.0800100935821888,0.0800100935821888,0.7134792404477583
2753,9.357174016426583,9.401670687612139,-0.04449667118555567,0.04449667118555567,0.4755353604351213
1632,4.855028115792821,4.513432218862525,0.34159589693029524,0.34159589693029524,7.035920056139839
1650,7.608469039052268,7.557226534583553,0.051242504468714145,0.051242504468714145,0.6734929748113565
3860,9.3461686835913,8.715190986245153,0.6309776973461467,0.6309776973461467,6.751190982182137
3106,6.157326675930933,5.930919384684893,0.22640729124603975,0.22640729124603975,3.6770388053482477
1074,7.229223749832208,6.834605597169123,0.3946181526630852,0.3946181526630852,5.458651804382793
4001,8.54721109583214,8.493723829273272,0.05348726655886793,0.05348726655886793,0.6257861887247622
787,10.08733055681765,9.831149712989822,0.2561808438278277,0.2561808438278277,2.5396297106045034
2605,8.804860049538963,9.317037510528207,-0.5121774609892444,0.5121774609892444,5.816985824959965
3630,6.529670208590832,5.310693630546858,1.218976578043974,1.218976578043974,18.668271736606457
2121,7.016713177258568,6.9025323792050175,0.11418079805355053,0.11418079805355053,1.6272689957402677
1874,4.942836278688068,5.270567106905284,-0.32773082821721644,0.32773082821721644,6.630420465882861
811,9.252755314349562,8.806719268063729,0.44603604628583327,0.44603604628583327,4.820575397623472
387,8.20036424889079,8.62566821470909,-0.4253039658183013,0.4253039658183013,5.186403346361468
2882,8.498330322568714,7.461563218779071,1.0367671037896429,1.0367671037896429,12.199656455296132
1175,5.380791555134791,5.452750053031876,-0.07195849789708486,0.07195849789708486,1.337321789178326
3197,6.682702992795771,7.460820913379375,-0.778117920583604,0.778117920583604,11.643760338031589
2623,8.428232045633312,8.563746973917088,-0.13551492828377576,0.13551492828377576,1.6078689759614104
1351,12.79948904718384,13.139803374025064,-0.34031432684122365,0.34031432684122365,2.658811813398911
410,11.563172377326538,11.441499572500057,0.12167280482648124,0.12167280482648124,1.0522441494088717
4212,5.56596746659422,6.3192853809603,-0.7533179143660798,0.7533179143660798,13.534357124567064
109,4.923830478361478,4.787804952836408,0.13602552552506975,0.13602552552506975,2.762595627994396
4995,10.089577340535394,9.767836756091475,0.3217405844439192,0.3217405844439192,3.1888410543354464
3429,9.647523606286748,9.44089765450277,0.20662595178397858,0.20662595178397858,2.1417511914594547
2809,9.41493124607806,9.040405763634181,0.37452548244387884,0.37452548244387884,3.9779948748950598
2594,9.949976655794869,9.581158788148995,0.3688178676458733,0.3688178676458733,3.706720934174993
2836,11.852794057912696,11.096630667300015,0.7561633906126808,0.7561633906126808,6.379621437089601
2372,10.050418491217226,9.673529861696371,0.3768886295208542,0.3768886295208542,3.7499794645387796
1235,6.5992516748154895,6.043759886076645,0.5554917887388449,0.5554917887388449,8.417496651305937
2146,5.8955560883259714,6.554170027078798,-0.6586139387528265,0.6586139387528265,11.171362444621204
4975,5.387468806246664,6.0339651664346,-0.6464963601879354,0.6464963601879354,12.000001919980226
599,6.977013524580545,7.9124979871194325,-0.9354844625388878,0.9354844625388878,13.408093007747594
1434,4.102039911276535,4.557274499767444,-0.45523458849090925,0.45523458849090925,11.097761073447051
4996,9.600691633270412,10.160315483995792,-0.5596238507253801,0.5596238507253801,5.828995160994959
538,6.405884557168435,7.455919846402722,-1.0500352892342866,1.0500352892342866,16.391729820657726
721,6.390875229937654,6.742660337091526,-0.351785107153872,0.351785107153872,5.504490300576621
4410,4.4848223698802245,5.384153737839236,-0.8993313679590118,0.8993313679590118,20.052775646118402
1872,10.66137834839234,11.28411773956946,-0.6227393911771202,0.6227393911771202,5.841077680833124
2845,4.564270953214955,5.070215452285291,-0.5059444990703366,0.5059444990703366,11.084891853625875
2053,8.507995696151687,8.497659564473848,0.010336131677838978,0.010336131677838978,0.12148726970459314
2907,8.122647892394058,7.754264174190398,0.3683837182036598,0.3683837182036598,4.535266369832546
2254,8.716491628794602,9.153620147159787,-0.43712851836518496,0.43712851836518496,5.014959423825377
3912,6.833637903299606,6.877854516443906,-0.044216613144300254,0.044216613144300254,0.6470435479607483
177,11.374770076034045,11.058410156212311,0.3163599198217337,0.3163599198217337,2.78124232584081
2890,9.827765949264952,9.310536631265332,0.5172293179996199,0.5172293179996199,5.2629389086978104
3673,8.992628937667313,9.39444876194266,-0.4018198242753481,0.4018198242753481,4.4683243027214266
80,5.527272490283655,6.658490832423063,-1.131218342139408,1.131218342139408,20.46612219911298
2561,9.009368597813143,8.541171768740798,0.4681968290723457,0.4681968290723457,5.19677737667423
1723,11.031372729087469,11.034630341551598,-0.0032576124641288118,0.0032576124641288118,0.029530436004026547
1617,6.42476416589181,6.379805642911164,0.04495852298064662,0.04495852298064662,0.699769233854921
1654,10.92616944051275,10.37222146151046,0.5539479790022899,0.5539479790022899,5.069919352964875
2328,8.298531498679486,8.58941372416756,-0.2908822254880743,0.2908822254880743,3.505225298408053
4613,9.958013995647242,9.755835039322395,0.20217895632484684,0.20217895632484684,2.030314040663344
221,10.081345049184192,10.572670127336796,-0.4913250781526042,0.4913250781526042,4.8736064062440105
93,5.57949487858374,5.846549026262112,-0.26705414767837166,0.26705414767837166,4.786349902451363
2609,9.349496811857067,9.136793942315961,0.21270286954110595,0.21270286954110595,2.275019434964194
3382,6.28258924037361,6.222073833687412,0.06051540668619726,0.06051540668619726,0.9632239888819878
4415,8.757796879725777,10.109720974601771,-1.3519240948759936,1.3519240948759936,15.43680577938141
1397,6.00830536509647,7.153915201022153,-1.1456098359256828,1.1456098359256828,19.06710405534271
4686,7.5835949216983325,7.234137445187595,0.34945747651073766,0.34945747651073766,4.6080715032769355
1292,8.95754951257288,8.871917861383295,0.08563165118958516,0.08563165118958516,0.9559718432970084
2164,10.345794126593107,9.82948661729701,0.516307509296098,0.516307509296098,4.9905063156917775
2939,6.164388089080734,5.818105006374676,0.3462830827060577,0.3462830827060577,5.617476993692934
3668,9.523595791250388,9.94523532261075,-0.4216395313603627,0.4216395313603627,4.427314436714497
812,6.9399177736107625,6.421759160359614,0.5181586132511482,0.5181586132511482,7.466350901468333
1258,8.800157389751497,9.499454426615166,-0.6992970368636691,0.6992970368636691,7.946415113871232
889,8.96069919333294,10.26895163806878,-1.3082524447358388,1.3082524447358388,14.599892447111964
1451,6.965540635744452,7.301044349172919,-0.3355037134284675,0.3355037134284675,4.816621292922945
3316,10.62357373434838,10.592285940594763,0.031287793753616455,0.031287793753616455,0.2945128874331248
2559,6.428580342613187,5.991457777723504,0.43712256488968304,0.43712256488968304,6.799674914103894
3574,10.50011692192592,10.797556117027579,-0.29743919510165817,0.29743919510165817,2.832722695502158
2680,10.190944382801987,9.681735292646945,0.5092090901550428,0.5092090901550428,4.9966820642684775
4651,12.668880173608295,13.137180470057004,-0.4683002964487084,0.4683002964487084,3.696461644844251
4811,9.385478708458733,9.089329294036835,0.29614941442189746,0.29614941442189746,3.1554002051593875
4679,4.3006814957189,4.417901236022662,-0.1172197403037627,0.1172197403037627,2.725608497640403
2964,12.241695522391284,11.827741868457226,0.41395365393405825,0.41395365393405825,3.3815058802671225
2672,10.836201066040427,10.589568532195216,0.24663253384521155,0.24663253384521155,2.276005514682939
561,8.316119616756831,8.292074694825189,0.024044921931642094,0.024044921931642094,0.2891363164521108
2778,7.137841552728627,6.625832546752777,0.51200900597585,0.51200900597585,7.173162954004226
2948,8.81278659959858,9.607942451979987,-0.7951558523814075,0.7951558523814075,9.022751696014366
2817,9.950530464427958,9.84030176192124,0.11022870250671879,0.11022870250671879,1.1077670974504743
2758,6.206564248287614,6.235325914770866,-0.028761666483251958,0.028761666483251958,0.4634072142439721
1756,7.996005438900919,8.81148249844985,-0.8154770595489307,0.8154770595489307,10.198555588539232
724,11.214724969791153,10.326433372353195,0.8882915974379575,0.8882915974379575,7.920761318986673
219,9.7791481406395,10.182389577476933,-0.4032414368374333,0.4032414368374333,4.1234822403566085
4139,10.959106763451786,10.825582707980747,0.13352405547103885,0.13352405547103885,1.2183844756065032
3957,5.120397793022109,4.904732685267807,0.21566510775430192,0.21566510775430192,4.211881898086169
1588,11.027259190852549,11.439023512572156,-0.4117643217196072,0.4117643217196072,3.734058614140297
3347,12.527398173218268,12.419082148549876,0.10831602466839207,0.10831602466839207,0.8646330480654458
3970,7.180919951982866,7.2061760526808385,-0.02525610069797235,0.02525610069797235,0.35171121342187345
4707,7.704164746385087,7.6195716097449635,0.08459313664012313,0.08459313664012313,1.0980182722574248
43,5.44349069267198,6.175830857139721,-0.7323401644677414,0.7323401644677414,13.453502647733314
3001,11.358908117229598,11.5653392056243,-0.2064310883947016,0.2064310883947016,1.8173497510872505
210,6.915063771620711,6.753728145474905,0.16133562614580654,0.16133562614580654,2.3331039520983863
677,7.71285206854109,7.258730006152348,0.4541220623887421,0.4541220623887421,5.887861693095337
354,4.333264726888353,4.947048942454261,-0.6137842155659081,0.6137842155659081,14.164475384051983
1433,8.535126554389851,9.747958860117235,-1.2128323057273835,1.2128323057273835,14.209892471993758
949,6.011429823095719,5.843964202637171,0.16746562045854851,0.16746562045854851,2.7857868325294426
2843,10.44597148883454,10.17949266755446,0.2664788212800797,0.2664788212800797,2.551019994309891
577,8.990542359952332,9.184673331012636,-0.19413097106030364,0.19413097106030364,2.159279866418792
3928,6.033414436635684,5.875039923697953,0.15837451293773075,0.15837451293773075,2.624956641069772
544,5.686820557450604,5.473118313483047,0.21370224396755688,0.21370224396755688,3.7578510137369165
367,9.24205559970966,9.255965117260399,-0.013909517550738215,0.013909517550738215,0.1505024223309713
1612,12.028566027520212,11.813202006263257,0.21536402125695453,0.21536402125695453,1.790438035292172
3550,8.493690057766445,8.762790012740673,-0.26909995497422834,0.26909995497422834,3.168233749336888
3716,11.544001759185305,10.756188012307605,0.7878137468776991,0.7878137468776991,6.824442366797573
3779,9.864380141587176,9.80988357888749,0.05449656269968628,0.05449656269968628,0.552458055321029
135,12.352486100238522,12.110681411961998,0.2418046882765239,0.2418046882765239,1.9575386388967866
4480,8.762759969056233,9.362917734096339,-0.6001577650401053,0.6001577650401053,6.848958172532751
1437,7.116286606046203,6.514063279113834,0.6022233269323687,0.6022233269323687,8.462606416395628
47,9.796015556673057,9.963763358794585,-0.16774780212152862,0.16774780212152862,1.712408490483242
1360,6.954031370847879,6.601639380148896,0.3523919906989832,0.3523919906989832,5.067448964585521
734,7.989669186826725,8.478503608613725,-0.48883442178699976,0.48883442178699976,6.118331189393729
1534,8.00848940934124,7.556848053912085,0.45164135542915584,0.45164135542915584,5.639532405479035
2004,11.467643939927704,11.324099134837319,0.1435448050903858,0.1435448050903858,1.2517375482037398
3795,7.725213734998928,7.965352151965147,-0.24013841696621974,0.24013841696621974,3.108501915982951
2519,8.32223730724655,8.984743038459847,-0.6625057312132974,0.6625057312132974,7.960668588919276
1972,10.01959538532778,9.09004261378015,0.9295527715476286,0.9295527715476286,9.277348393816597
996,7.873900648135658,8.918396525820317,-1.0444958776846587,1.0444958776846587,13.26529155447204
61,9.57216534924072,8.226138323759333,1.346027025481387,1.346027025481387,14.061886484108385
1108,7.316349662570011,6.970739180698451,0.3456104818715602,0.3456104818715602,4.723810340007146
2405,9.099517535617784,9.16739707707422,-0.0678795414564366,0.0678795414564366,0.7459685768035407
95,9.403842025548585,9.855215240353528,-0.45137321480494386,0.45137321480494386,4.799880873994291
478,7.422291561441926,6.668484574463185,0.7538069869787414,0.7538069869787414,10.155987281538419
4359,9.22902450860152,9.348207593185872,-0.11918308458435156,0.11918308458435156,1.2913941714346087
4112,6.70877526862845,7.925719612259827,-1.2169443436313765,1.2169443436313765,18.139590236716487
3707,6.157184903324104,5.992521686418149,0.16466321690595542,0.16466321690595542,2.6743263275569005
1101,9.138357855722369,8.88315129603658,0.25520655968578865,0.25520655968578865,2.792696058909318
2746,5.405511782874699,5.1290409848613985,0.27647079801330054,0.27647079801330054,5.114609108598981
2170,10.711869833450136,10.73754388598085,-0.02567405253071442,0.02567405253071442,0.2396785335324149
322,9.830314516571086,10.108211346116653,-0.2778968295455666,0.2778968295455666,2.8269373179984467
4254,12.6673468449984,12.1674500680626,0.4998967769358007,0.4998967769358007,3.9463415903321613
3142,9.78586631851356,9.045919770234628,0.7399465482789331,0.7399465482789331,7.561380098551443
3537,7.159738314017725,7.008149786347927,0.1515885276697979,0.1515885276697979,2.1172355890858423
4925,12.34114460725869,11.68888047632742,0.65226413093127,0.65226413093127,5.285280674432968
2924,8.643405960953286,8.482587952277736,0.16081800867554996,0.16081800867554996,1.8605860861105876
1149,7.54313896349799,7.634593262135709,-0.09145429863771959,0.09145429863771959,1.2124169935125968
3617,9.90719566786036,9.058117810354783,0.8490778575055771,0.8490778575055771,8.570314809265808
291,11.255836130023662,11.399844021632763,-0.14400789160910143,0.14400789160910143,1.2794064336542426
3749,9.586603471427782,10.635783360057417,-1.0491798886296344,1.0491798886296344,10.944229536108836
3586,4.887325011302765,4.746837709436104,0.1404873018666608,0.1404873018666608,2.8745234160151045
533,10.33806610887826,11.505601791883354,-1.1675356830050934,1.1675356830050934,11.293559846772713
3607,10.068201847522184,9.873576904289552,0.19462494323263257,0.19462494323263257,1.9330655680143158
2648,10.821982050102948,11.792417820396084,-0.9704357702931361,0.9704357702931361,8.967264645240327
4810,7.369797853480566,6.937222377368044,0.43257547611252267,0.43257547611252267,5.869570437515167
1983,7.333620591600839,7.743344365969181,-0.4097237743683415,0.4097237743683415,5.58692352911734
2932,5.077942201717011,4.712793006695902,0.3651491950211092,0.3651491950211092,7.1908891538316615
1536,8.004946522533062,9.136590150061085,-1.1316436275280228,1.1316436275280228,14.136804341447725
4534,9.61552976213048,9.370793464777622,0.2447362973528584,0.2447362973528584,2.545219071722087
4172,3.41630551212024,4.632812166876322,-1.216506654756082,1.216506654756082,35.608836810414225
3360,11.35331054307679,12.108843822412082,-0.7555332793352925,0.7555332793352925,6.654739835298649
3665,9.023157490669934,8.59657442349196,0.42658306717797423,0.42658306717797423,4.727647363121688
4005,6.217522693010352,6.231888201833712,-0.014365508823360074,0.014365508823360074,0.23104875579319667
3626,7.1645725856359785,6.680297846354501,0.4842747392814779,0.4842747392814779,6.759296992152536
586,11.53870819097744,11.416252274979632,0.12245591599780781,0.12245591599780781,1.061261919194393
3256,6.9222946238776,7.195669139897506,-0.2733745160199055,0.2733745160199055,3.9491892627183742
2298,6.992775718515223,6.669361733006992,0.32341398550823097,0.32341398550823097,4.624972951040127
3988,7.56488666415771,7.8678271185404265,-0.3029404543827168,0.3029404543827168,4.004560383145499
584,8.573929629896332,8.611386041646902,-0.03745641175057024,0.03745641175057024,0.43686399780987156
2423,7.91033007315041,7.32099371009918,0.5893363630512303,0.5893363630512303,7.450212034154954
1391,9.982413419504658,11.074130810777145,-1.0917173912724873,1.0917173912724873,10.936407313479709
4525,7.392318073815298,7.2286117703564186,0.1637063034588797,0.1637063034588797,2.214546260377405
4920,9.2616348795314,8.538431257386982,0.7232036221444176,0.7232036221444176,7.808595691271828
4800,10.7713645677747,9.947461745680547,0.8239028220941531,0.8239028220941531,7.649010642152711
3240,9.13822897186088,9.700684097782503,-0.5624551259216233,0.5624551259216233,6.154968623062273
4281,7.919698207138528,7.425908395968118,0.49378981117041043,0.49378981117041043,6.234957422055884
3338,11.772918634520432,11.76471482315922,0.008203811361211066,0.008203811361211066,0.06968375146292045
3220,3.7613228041363618,3.992670997571313,-0.23134819343495128,0.23134819343495128,6.15071360481306
2111,6.702511613124552,6.362658561863544,0.3398530512610085,0.3398530512610085,5.0705328222859585
1174,8.40968278965849,7.342706428692328,1.0669763609661622,1.0669763609661622,12.687474517805104
4862,8.419340410236815,7.986727656584662,0.4326127536521529,0.4326127536521529,5.138321205377947
3811,10.687421892566542,10.828261603049645,-0.14083971048310318,0.14083971048310318,1.31780809159468
1867,8.418364049919722,7.441035148729136,0.9773289011905861,0.9773289011905861,11.60948725185989
2614,9.535496892529109,10.13195381573446,-0.596456923205352,0.596456923205352,6.255121572874356
3866,7.862287961194744,8.318203208583828,-0.4559152473890844,0.4559152473890844,5.798760483453522
4885,8.634445126846243,9.377110535014149,-0.7426654081679054,0.7426654081679054,8.601194370426974
3778,11.343127755808238,11.498869656778117,-0.15574190096987905,0.15574190096987905,1.3730066726096033
3846,7.15820945594864,6.502269115858905,0.6559403400897352,0.6559403400897352,9.16346949787329
2416,6.269024458573788,6.884075987127146,-0.6150515285533587,0.6150515285533587,9.810960742260107
70,8.469874214667954,8.24325956348395,0.22661465118400415,0.22661465118400415,2.675537386276145
4880,7.026655583484349,6.9756132473788135,0.05104233610553521,0.05104233610553521,0.7264101036274864
1126,5.430475648536505,5.671056169630338,-0.24058052109383343,0.24058052109383343,4.430192429988505
4024,11.58329840234648,12.027898501788268,-0.4446000994417876,0.4446000994417876,3.8382858146149714
3250,10.175119710526484,10.272906662734712,-0.09778695220822797,0.09778695220822797,0.9610398205641184
3901,11.293427585663272,10.870538930941532,0.4228886547217403,0.4228886547217403,3.744555419637055
1095,8.900721428290126,8.060209052875411,0.8405123754147148,0.8405123754147148,9.443193815090352
4545,8.601526689810811,8.544521178219213,0.057005511591597724,0.057005511591597724,0.6627371354799755
1212,9.41256593080135,8.673402425272702,0.7391635055286478,0.7391635055286478,7.852943723983226
3921,11.4261062333186,11.478998689170227,-0.05289245585162661,0.05289245585162661,0.46290884026083934
1425,9.76289050721167,8.99842371210436,0.7644667951073103,0.7644667951073103,7.830332569464058
3066,8.144072017501356,8.32378400890257,-0.17971199140121286,0.17971199140121286,2.2066601451339993
4519,5.706756868064806,6.218693603156934,-0.511936735092128,0.511936735092128,8.970712208836902
2100,10.407170818404268,10.81971391587053,-0.41254309746626205,0.41254309746626205,3.9640273486883855
807,10.146308681855164,10.066874245962955,0.07943443589220855,0.07943443589220855,0.7828899985495481
4743,5.364670826994193,5.753615815904864,-0.3889449889106702,0.3889449889106702,7.2501184406983405
3750,8.698450149076608,8.04348228986488,0.6549678592117285,0.6549678592117285,7.529707568436858
1362,6.051384017179975,6.473674795262927,-0.4222907780829521,0.4222907780829521,6.978416456203439
2317,9.216246384882018,8.863635433523175,0.3526109513588427,0.3526109513588427,3.8259714056392022
4581,9.713446808723411,10.183259520802,-0.4698127120785891,0.4698127120785891,4.836725019759842
4741,10.50560948055126,10.908430754540637,-0.4028212739893764,0.4028212739893764,3.834344639738495
1025,10.12049046391452,10.068447111564218,0.05204335235030122,0.05204335235030122,0.5142374525806459
3109,6.980276998348917,7.393482731699477,-0.41320573335055943,0.41320573335055943,5.919617995794396
2110,9.900560886222763,10.081567467633091,-0.18100658141032788,0.18100658141032788,1.8282457275951876
1041,8.413131443123069,8.901564524749242,-0.48843308162617305,0.48843308162617305,5.805603834056586
1876,11.5729264172029,10.966662718596606,0.6062636986062948,0.6062636986062948,5.238637806467836
881,7.32497533711232,6.933834783985676,0.3911405531266432,0.3911405531266432,5.339820751954097
4299,9.747100389729908,10.188550353891005,-0.4414499641610963,0.4414499641610963,4.529038857814912
1192,11.106266290814744,10.702796402934524,0.4034698878802203,0.4034698878802203,3.632813020284805
4587,8.86478468092046,8.924797349119606,-0.06001266819914619,0.06001266819914619,0.6769782951221651
4510,9.617642238915012,9.45128737471664,0.16635486419837164,0.16635486419837164,1.7296844701216347
3670,10.078816221565216,10.17105417511083,-0.09223795354561481,0.09223795354561481,0.9151665385887002
624,5.640295160192951,5.3872541470738335,0.25304101311911786,0.25304101311911786,4.486308002194365
2796,11.728839922290812,11.53877197877153,0.19006794351928136,0.19006794351928136,1.6205178413088814
4291,6.147568727360435,6.185573457703933,-0.038004730343498494,0.038004730343498494,0.618207490293752
4968,7.671707971848495,7.757143277575573,-0.08543530572707869,0.08543530572707869,1.1136412652904084
233,9.499919712339867,9.837600236735787,-0.33768052439591933,0.33768052439591933,3.554561876531347
4566,9.65643069107042,8.782151925161392,0.874278765909029,0.874278765909029,9.053850163471889
1662,8.739161197135251,8.830882514689359,-0.09172131755410717,0.09172131755410717,1.0495437203306648
415,5.737383244033473,6.8693317377448375,-1.1319484937113646,1.1319484937113646,19.729351266337694
4246,6.420055376108271,6.827809552493442,-0.4077541763851711,0.4077541763851711,6.351256375491651
2173,3.678272217899008,3.91434312911875,-0.2360709112197421,0.2360709112197421,6.417983695469484
1456,11.969728346417758,12.533923725720708,-0.5641953793029497,0.5641953793029497,4.713518661196679
746,9.291479460840335,9.096189201626043,0.19529025921429266,0.19529025921429266,2.101820921386725
17,4.3719906939719575,4.749402400107639,-0.37741170613568187,0.37741170613568187,8.63249106765145
1200,7.014448274730731,7.218531713592657,-0.20408343886192615,0.20408343886192615,2.909472432737562
1699,10.55991449888531,10.013763674617449,0.5461508242678619,0.5461508242678619,5.171924681071165
3253,7.954030684204255,8.784742369647015,-0.8307116854427594,0.8307116854427594,10.443908483939502
596,10.072219763612912,10.450767288354395,-0.37854752474148334,0.37854752474148334,3.7583326578023164
3226,11.73942534818334,10.998135705342587,0.7412896428407532,0.7412896428407532,6.3145309148838935
4405,11.064182733428934,11.057557365344062,0.006625368084872463,0.006625368084872463,0.059881224347956646
4719,9.799910978673283,9.822597948821521,-0.022686970148237506,0.022686970148237506,0.23150179830826256
1505,8.294681861199319,8.379386620984974,-0.08470475978565517,0.08470475978565517,1.0211935937155738
1412,9.236255850923255,9.6256341074776,-0.38937825655434466,0.38937825655434466,4.215758667138075
1965,8.70413696691999,8.984246264276075,-0.2801092973560859,0.2801092973560859,3.218116838241853
371,6.213100859151326,6.421008982361298,-0.20790812320997176,0.20790812320997176,3.3462859838134165
1340,8.032435595928831,8.63729966444296,-0.6048640685141287,0.6048640685141287,7.530269758038255
598,7.87944020058193,7.979640309970963,-0.10020010938903301,0.10020010938903301,1.2716653320325066
238,8.114822725461316,8.311700287977224,-0.19687756251590827,0.19687756251590827,2.426147423999531
3400,11.611665283372478,11.193160990058534,0.41850429331394423,0.41850429331394423,3.604171177007906
2067,8.36486895899663,8.296314707724097,0.06855425127253234,0.06855425127253234,0.8195496140892978
810,10.592664057872636,10.50260445075632,0.09005960711631644,0.09005960711631644,0.8502073380622576
1094,6.318067014745004,6.092556825442884,0.22551018930212052,0.22551018930212052,3.569290872917752
4324,6.470150616395457,5.942605594254987,0.5275450221404698,0.5275450221404698,8.153519962945886
4760,12.496304578104857,12.394152186191612,0.10215239191324521,0.10215239191324521,0.8174608043103352
3676,8.939861378047988,9.220429500631225,-0.2805681225832366,0.2805681225832366,3.1383945535461812
3464,10.028589022574968,8.406267126760337,1.6223218958146308,1.6223218958146308,16.176970580434443
3103,11.91077322044093,11.656582647874938,0.2541905725659923,0.2541905725659923,2.134123182949682
2749,7.775488559398125,6.9858133801277855,0.7896751792703398,0.7896751792703398,10.15595577355548
2295,5.707729912739865,6.471850042435999,-0.764120129696134,0.764120129696134,13.387461239022358
4192,3.701664233853142,4.476724399742318,-0.7750601658891765,0.7750601658891765,20.938154217255942
3708,8.933189000059977,8.993899541609725,-0.06071054154974753,0.06071054154974753,0.6796065945693069
3018,8.648804452928037,8.605653660826556,0.043150792101480206,0.043150792101480206,0.4989220456576699
4252,7.749116427399779,9.018929865066267,-1.269813437666489,1.269813437666489,16.386557739365077
803,6.978967059826215,6.999101872301441,-0.020134812475226305,0.020134812475226305,0.28850705702754365
4190,5.859713160719545,6.080253193928837,-0.22054003320929194,0.22054003320929194,3.763666021874194
3705,8.712761626995714,9.638288497548585,-0.9255268705528703,0.9255268705528703,10.62265800644893
751,8.239863470016783,8.188902716248043,0.050960753768739764,0.050960753768739764,0.6184659970905557
4644,9.476969196838374,7.891848400098917,1.5851207967394565,1.5851207967394565,16.726030905199853
2531,7.236289421370132,8.242444976868775,-1.0061555554986432,1.0061555554986432,13.904302286849882
621,6.334777841525726,5.841415165855401,0.4933626756703253,0.4933626756703253,7.788160658709057
2297,5.637758142054818,6.398781697950618,-0.7610235558957994,0.7610235558957994,13.49869108819957
3828,5.329272190973263,6.273103591697699,-0.9438314007244353,0.9438314007244353,17.710324541559345
566,9.639051762322412,9.255098453178093,0.383953309144319,0.383953309144319,3.9833099625539328
1135,11.918862590466215,12.521460341749869,-0.6025977512836533,0.6025977512836533,5.055832691331349
1204,10.022572899767209,10.417822849966512,-0.39524995019930387,0.39524995019930387,3.9435976585262273
1047,8.719914364951919,8.546776255281959,0.17313810966996002,0.17313810966996002,1.9855482797612851
51,10.611606077316974,10.571400305923273,0.040205771393701184,0.040205771393701184,0.3788848841613499
3651,8.90997553738428,9.813642115453574,-0.9036665780692932,0.9036665780692932,10.14218921564609
1044,11.434264388360788,11.061199015644913,0.3730653727158746,0.3730653727158746,3.262696751140605
2181,5.66149252490034,6.2004986759210645,-0.5390061510207245,0.5390061510207245,9.520566328579806
2688,9.75638080155276,9.72553967039274,0.030841131160020296,0.030841131160020296,0.31611241696420694
534,7.75553405131876,7.509846748504638,0.24568730281412154,0.24568730281412154,3.1678966424284423
3184,8.295124514858912,8.141732276432874,0.15339223842603822,0.15339223842603822,1.849185484211471
3857,11.35778389390038,10.760482521915048,0.5973013719853331,0.5973013719853331,5.2589605293169
443,7.871978158306897,7.4062435241025195,0.46573463420437733,0.46573463420437733,5.916360854138185
3604,8.706081745570788,8.626616171431115,0.07946557413967348,0.07946557413967348,0.9127593383797656
195,6.517722893155605,6.333612935432136,0.18410995772346883,0.18410995772346883,2.824758903401777
1115,9.60136677896123,9.239403855631819,0.36196292332941127,0.36196292332941127,3.7699103852854994
765,10.518888172811655,10.398273484391416,0.1206146884202397,0.1206146884202397,1.1466486423155868
1945,8.077652299607799,8.307369006416568,-0.22971670680876954,0.22971670680876954,2.84385485148851
3247,6.967604671285419,6.756233950905452,0.21137072037996685,0.21137072037996685,3.0336210269084067
3002,6.208718218955243,5.328944215981773,0.8797740029734697,0.8797740029734697,14.169977955957416
1432,9.890302149756533,10.587899904699999,-0.697597754943466,0.697597754943466,7.053351296862438
4200,5.68450195188151,6.618022474520139,-0.933520522638629,0.933520522638629,16.42220427648272
3095,10.701142894146122,10.903114018914899,-0.201971124768777,0.201971124768777,1.8873790095753402
2922,9.456417754281157,9.504337134236707,-0.04791937995554996,0.04791937995554996,0.506739245248082
644,8.288822539640512,7.787934213928711,0.5008883257118004,0.5008883257118004,6.042937019297364
1049,9.332904116112651,10.059871795520639,-0.7269676794079878,0.7269676794079878,7.789297633015703
3745,9.128622712475105,9.47527204194708,-0.34664932947197613,0.34664932947197613,3.797389161436674
4093,5.850140232636655,5.820445207339397,0.02969502529725876,0.02969502529725876,0.5075951022780052
4403,6.3645123418173375,6.97980977281039,-0.6152974309930528,0.6152974309930528,9.66762884487328
120,7.405308634690475,7.431876356087711,-0.026567721397236177,0.026567721397236177,0.3587658895508904
2052,12.993808808802674,12.131259998540578,0.862548810262096,0.862548810262096,6.638152238147148
4258,6.162450634893677,6.2538139786525795,-0.09136334375890254,0.09136334375890254,1.4825813490752426
4888,9.32170333691082,8.855869460452645,0.4658338764581753,0.4658338764581753,4.997304243888875
4334,10.289036016778857,9.99730025886305,0.2917357579158075,0.2917357579158075,2.835404185970961
4691,6.905078073113184,6.693787355196065,0.21129071791711862,0.21129071791711862,3.059932352392032
134,6.586265817879003,7.174312631330219,-0.588046813451216,0.588046813451216,8.928379596446149
2460,7.2819157793477,7.305083147588738,-0.02316736824103849,0.02316736824103849,0.31814935716152676
1954,9.53866870155111,9.247534878427828,0.29113382312328184,0.29113382312328184,3.0521431473549314
2463,8.54494237614603,8.785054438790858,-0.24011206264482787,0.24011206264482787,2.8099904256244272
184,9.60138930743646,8.949389876369814,0.6519994310666455,0.6519994310666455,6.790677996585967
1392,8.096755282441288,7.607620483861149,0.48913479858013886,0.48913479858013886,6.041121183949846
2276,7.259262486975059,6.659371665240326,0.599890821734733,0.599890821734733,8.263798461773325
511,11.090019715065582,10.489738611969107,0.6002811030964743,0.6002811030964743,5.412804652466071
4729,8.045598516861096,7.95636663926146,0.08923187759963636,0.08923187759963636,1.1090769370685578
4054,7.101740311115645,7.621589385131283,-0.5198490740156378,0.5198490740156378,7.3200237018237635
3137,9.445444972161608,9.153253692377822,0.29219127978378623,0.29219127978378623,3.0934623053223684
2669,6.231920760758265,6.673405340090112,-0.44148457933184737,0.44148457933184737,7.084245713004381
4773,6.54078395488506,8.180012766774514,-1.6392288118894536,1.6392288118894536,25.061656571995112
4861,8.856036320321282,8.667130298637401,0.1889060216838807,0.1889060216838807,2.1330764108364395
2117,5.663016400055838,6.016805492658873,-0.35378909260303537,0.35378909260303537,6.247361257854506
251,11.785669830042233,11.593250009882007,0.19241982016022519,0.19241982016022519,1.6326591779258732
3526,8.45113160182583,8.029309657319704,0.4218219445061262,0.4218219445061262,4.991307251859543
3559,3.916894003259952,4.185813022103,-0.2689190188430479,0.2689190188430479,6.865618998605324
4011,12.441761440233025,11.346962663493109,1.0947987767399159,1.0947987767399159,8.799387305399186
1507,8.470953161741113,8.349859316559682,0.12109384518143074,0.12109384518143074,1.4295185307876406
122,9.75777735180898,10.01809874265078,-0.26032139084180095,0.26032139084180095,2.667834912153846
4259,10.135060634057549,9.930215016765995,0.2048456172915536,0.2048456172915536,2.0211582810190265
3333,8.441002889694419,7.785153498315676,0.6558493913787427,0.6558493913787427,7.769804132865138
1871,12.849326970047018,12.107052480060167,0.7422744899868512,0.7422744899868512,5.776757737717799
3692,12.002426795694811,11.93882224090952,0.06360455478529126,0.06360455478529126,0.5299307870647108
567,6.836261900383338,7.1400588732967325,-0.30379697291339447,0.30379697291339447,4.443904831913466
1371,10.378646366287482,10.373476095318049,0.005170270969433233,0.005170270969433233,0.049816428722608816
3185,10.54896149429562,10.803491422553293,-0.2545299282576732,0.2545299282576732,2.4128434670589227
3955,4.084954430038281,4.904251764615513,-0.8192973345772314,0.8192973345772314,20.05646203915067
1056,7.854756036120948,7.5122753219686,0.34248071415234804,0.34248071415234804,4.360169973165473
856,11.16500053759529,10.335050683635906,0.8299498539593841,0.8299498539593841,7.433495871000989
3838,9.461018424335164,9.036502528435499,0.4245158958996651,0.4245158958996651,4.48699999154157
2860,10.754838794454573,10.913127421085292,-0.15828862663071952,0.15828862663071952,1.4717898580900772
4769,12.376433108886753,11.525234584573507,0.8511985243132454,0.8511985243132454,6.877575443784786
776,9.93577380871026,9.368067811901488,0.5677059968087725,0.5677059968087725,5.713757254730269
720,7.373429401215826,6.918214037351056,0.45521536386476935,0.45521536386476935,6.17372648593757
2710,7.58340894471471,6.577173663404084,1.0062352813106266,1.0062352813106266,13.268904375939353
2654,6.399534819936403,5.740212436403562,0.6593223835328414,0.6593223835328414,10.302661085284846
4877,10.88441370645203,10.382188330896506,0.5022253755555237,0.5022253755555237,4.614170217159387
602,7.778167435746696,8.038595431008199,-0.2604279952615025,0.2604279952615025,3.348192198391544
3822,6.765842104281559,6.442631883086046,0.323210221195513,0.323210221195513,4.777087851207453
1244,10.100377885398457,10.58237437736233,-0.48199649196387284,0.48199649196387284,4.772063950801958
4845,9.672406068053313,8.841237218148635,0.8311688499046781,0.8311688499046781,8.593196398669816
4841,6.473573872042673,6.914272646793683,-0.44069877475101027,0.44069877475101027,6.807658079785719
318,9.351930199557824,9.491786586376202,-0.1398563868183782,0.1398563868183782,1.4954815084589794
828,10.172873484488289,10.577021465831262,-0.40414798134297314,0.40414798134297314,3.9728006247125998
3263,11.815567367178506,12.258432814228865,-0.4428654470503588,0.4428654470503588,3.7481521901399195
274,11.725829269951562,11.53137238711729,0.1944568828342721,0.1944568828342721,1.6583635865531867
2664,5.198887282186655,5.632466665639545,-0.4335793834528898,0.4335793834528898,8.339849662417109
549,5.897002875925343,5.158595194399966,0.7384076815253762,0.7384076815253762,12.521745318116487
3641,8.537953729665482,7.678169694780232,0.8597840348852497,0.8597840348852497,10.070141653472467
4053,10.371640220380442,10.045066491504992,0.32657372887545044,0.32657372887545044,3.1487182541651197
4892,10.233961137782613,9.035131343817534,1.1988297939650785,1.1988297939650785,11.714230470732746
2934,6.214536747699898,6.459500631711461,-0.24496388401156288,0.24496388401156288,3.9417883256097577
605,4.217923270091064,5.017547170424914,-0.7996239003338497,0.7996239003338497,18.95776307748211
896,12.009032638531153,11.10172060119165,0.9073120373395032,0.9073120373395032,7.55524666015462
527,13.809138595641391,13.037048173464774,0.7720904221766176,0.7720904221766176,5.5911555730225935
4607,12.096666946345206,11.073595999941658,1.0230709464035481,1.0230709464035481,8.457461472167347
2347,8.431364596305082,7.68644694415773,0.7449176521473522,0.7449176521473522,8.835078161295517
3439,9.266106053253694,9.986990023219928,-0.7208839699662342,0.7208839699662342,7.7797940777194485
4998,5.581430978202492,6.266685137221522,-0.6852541590190304,0.6852541590190304,12.277391975197686
4826,3.3016243995166787,3.588857231311853,-0.28723283179517445,0.28723283179517445,8.699742824690238
3922,8.100045133234717,8.922541205117616,-0.8224960718828989,0.8224960718828989,10.154215913046878
298,8.787384765336336,8.715517135845927,0.07186762949040926,0.07186762949040926,0.8178500362691075
2119,9.462702098959635,10.003951140946548,-0.5412490419869123,0.5412490419869123,5.719814872396957
2536,7.276492709371856,6.666973955102961,0.6095187542688949,0.6095187542688949,8.376545935157155
4203,11.04644845067015,11.087365818256142,-0.04091736758599218,0.04091736758599218,0.3704119723974258
3254,8.493530798382999,8.544683012418204,-0.051152214035205645,0.051152214035205645,0.602249114643159
3725,10.674930559848846,10.320100295730272,0.3548302641185739,0.3548302641185739,3.3239585225329855
1260,7.967218565706869,7.390760462287519,0.5764581034193501,0.5764581034193501,7.2353745371136995
1558,10.520435098410266,11.23557089411883,-0.715135795708564,0.715135795708564,6.797587637954513
3269,8.518987025455269,8.236166657330472,0.2828203681247974,0.2828203681247974,3.3198826020008285
4046,12.631833051223168,12.186231769029018,0.4456012821941506,0.4456012821941506,3.527605854092586
756,9.954443723431789,9.867302849012294,0.08714087441949481,0.08714087441949481,0.8753967257293713
1010,9.623802357533958,10.150512637583178,-0.5267102800492207,0.5267102800492207,5.472995604870123
2794,11.840163023595958,12.164922187258213,-0.32475916366225555,0.32475916366225555,2.7428605756107522
2905,4.527049732499438,5.127632517991074,-0.6005827854916364,0.6005827854916364,13.26653827502901
1870,6.591366590940115,7.025084179633454,-0.4337175886933391,0.4337175886933391,6.580085976244855
2229,6.728339934223911,6.393520730586374,0.3348192036375366,0.3348192036375366,4.97625278910877
1173,10.859613507884148,11.119706241093278,-0.2600927332091292,0.2600927332091292,2.395045947264147
1832,8.023035509670702,7.476060084977483,0.546975424693219,0.546975424693219,6.81756205657962
376,4.950810688018216,5.490686687932124,-0.5398759999139076,0.5398759999139076,10.904799919344464
3853,4.198824989736842,4.675223938838016,-0.4763989491011742,0.4763989491011742,11.34600632952392
3616,10.206299501720714,10.459069747987034,-0.2527702462663193,0.2527702462663193,2.476610119306257
798,6.371535689722761,6.545556191574127,-0.17402050185136542,0.17402050185136542,2.7312175639549374
378,7.963404338613228,7.555061997329046,0.40834234128418156,0.40834234128418156,5.1277358767807035
1158,5.454001509394867,5.386729712260858,0.06727179713400844,0.06727179713400844,1.2334392833982255
3819,9.186679842657885,8.82579416542103,0.3608856772368547,0.3608856772368547,3.928358051198217
2792,6.5566626415760645,5.537133520461458,1.0195291211146067,1.0195291211146067,15.549513172291816
2240,8.290401645905296,8.449788021144979,-0.15938637523968247,0.15938637523968247,1.9225410546713961
4035,11.34978805820476,11.223566021060835,0.12622203714392555,0.12622203714392555,1.1121091997191934
2662,8.774791064784669,8.850360821561635,-0.0755697567769662,0.0755697567769662,0.8612143151789183
4012,11.282031109247251,11.993300262088058,-0.7112691528408064,0.7112691528408064,6.304442400072968
2957,9.05431175190716,8.753771151911833,0.3005405999953279,0.3005405999953279,3.3193091670609123
3927,9.157333915433467,9.203353085936419,-0.04601917050295157,0.04601917050295157,0.5025389586961809
1038,6.912902296377189,5.9420974785127845,0.9708048178644049,0.9708048178644049,14.043375361650487
3259,8.670204174165917,7.477486815454569,1.1927173587113487,1.1927173587113487,13.75650832151354
1344,11.384709920257883,10.649932132593433,0.7347777876644503,0.7347777876644503,6.454075622576832
2505,8.69937819051201,9.304751671195703,-0.6053734806836939,0.6053734806836939,6.958813232696855
1721,7.967252753922676,7.849967658061084,0.11728509586159142,0.11728509586159142,1.4720895581459508
4663,5.745539938843699,6.56418134674228,-0.8186414078985811,0.8186414078985811,14.248293748060417
175,6.542540140474495,7.017895097936195,-0.4753549574617004,0.4753549574617004,7.265602461053078
4893,9.561902231247853,9.739116449473473,-0.17721421822562,0.17721421822562,1.8533364380833361
1909,7.894795659307646,8.150895553211233,-0.25609989390358745,0.25609989390358745,3.2439078217516117
45,4.79120256207853,5.697724058087092,-0.9065214960085619,0.9065214960085619,18.92054206147554
3409,9.549868937440554,8.938815127728168,0.6110538097123861,0.6110538097123861,6.398557024345443
4674,9.087166230061252,7.525266783685232,1.56189944637602,1.56189944637602,17.18797045011789
1075,10.643253455269615,11.268262440137145,-0.6250089848675291,0.6250089848675291,5.872348971996706
2829,9.176842587738772,9.39840219098166,-0.2215596032428877,0.2215596032428877,2.4143337005574734
1504,5.932169991682521,7.154962396349346,-1.2227924046668246,1.2227924046668246,20.612902300191976
2309,7.442347935900225,8.084305569453164,-0.6419576335529396,0.6419576335529396,8.625740681328258
1436,7.94892969931353,8.183204780562848,-0.23427508124931773,0.23427508124931773,2.9472531537113698
2418,7.0584555892834855,7.170164021155914,-0.11170843187242863,0.11170843187242863,1.5826186119528778
3986,12.267528807013957,11.363959338827252,0.9035694681867046,0.9035694681867046,7.365537773753496
3098,12.773930572685035,12.418940225527653,0.35499034715738276,0.35499034715738276,2.779022049144933
4588,8.847601508100572,8.549703442889507,0.297898065211065,0.297898065211065,3.3669923418038135
283,5.670954862593594,4.738878999897212,0.9320758626963821,0.9320758626963821,16.43595982123723
4918,11.22536709870072,11.046462024280197,0.1789050744205234,0.1789050744205234,1.5937570045369005
842,7.332155891338558,7.1986631582417795,0.13349273309677834,0.13349273309677834,1.8206477750217054
1513,9.684936078946045,9.310284171239061,0.3746519077069834,0.3746519077069834,3.8683983523797774
1168,7.653605241390658,7.809965835176152,-0.15636059378549394,0.15636059378549394,2.0429665347762733
1592,5.58026415452131,5.775845743981247,-0.19558158945993664,0.19558158945993664,3.5048804867323375
3460,6.632472325096384,6.409001372968645,0.22347095212773915,0.22347095212773915,3.369346167976534
3165,10.670929964691863,10.713906578835138,-0.04297661414327436,0.04297661414327436,0.402744786869336
2284,6.436696924319357,6.86349251926983,-0.42679559495047314,0.42679559495047314,6.6306616571915775
3575,9.129258067751053,8.717932435000257,0.4113256327507955,0.4113256327507955,4.505575696274774
4870,6.016853525428788,7.096958064356283,-1.080104538927495,1.080104538927495,17.9513184817063
2305,7.842198806114473,7.623237906664028,0.21896089945044483,0.21896089945044483,2.7920855472284574
952,9.995656588974004,9.570903563380295,0.4247530255937093,0.4247530255937093,4.249375934565872
4942,10.993262044276053,10.747037167130152,0.24622487714590058,0.24622487714590058,2.2397799320548755
3053,12.121127728751278,11.350697530651495,0.770430198099783,0.770430198099783,6.356093387848103
4559,10.532950525074131,10.166858591424026,0.3660919336501056,0.3660919336501056,3.475682647313385
2685,10.403205294048384,8.843621084214371,1.5595842098340125,1.5595842098340125,14.991381653558658
1489,12.669090715530444,12.4004484710967,0.2686422444337442,0.2686422444337442,2.120454028357601
927,12.3428055953723,11.361835468732167,0.9809701266401323,0.9809701266401323,7.9477078291497065
1209,10.453826517346732,9.404445402348614,1.049381114998118,1.049381114998118,10.03824880063592
3973,11.303327427094764,10.475136197665627,0.8281912294291374,0.8281912294291374,7.326968406169608
3545,4.496304373249061,4.673198445968119,-0.17689407271905733,0.17689407271905733,3.9342103655503293
4361,7.398552915477382,6.626686605310109,0.7718663101672734,0.7718663101672734,10.43266594137037
1921,9.382848322454567,8.438296390394397,0.9445519320601701,0.9445519320601701,10.066793148512433
351,7.102762424767702,7.330279514183731,-0.227517089416029,0.227517089416029,3.203219758873886
4898,11.499948488141175,11.818946970836969,-0.31899848269579323,0.31899848269579323,2.7739122746918965
3393,6.60262862861774,7.0544122384038275,-0.4517836097860872,0.4517836097860872,6.842481005639539
2721,6.322315524653985,6.7137665229355665,-0.3914509982815817,0.3914509982815817,6.191576436751873
4981,11.052563510404228,11.322282923970238,-0.26971941356601015,0.26971941356601015,2.440333532687799
718,12.76440459906252,12.120599702544613,0.6438048965179064,0.6438048965179064,5.04375187672436
2702,7.941753377731543,7.728422949048476,0.21333042868306684,0.21333042868306684,2.6861880309861985
2722,7.238638444891887,7.120669631300471,0.11796881359141587,0.11796881359141587,1.6297099860632394
4561,7.366925888861709,7.15142189273288,0.2155039961288292,0.2155039961288292,2.925290675920286
308,7.939370112310896,8.091984343062078,-0.1526142307511824,0.1526142307511824,1.9222460798815348
1675,6.729857195725621,7.259170932523576,-0.5293137367979552,0.5293137367979552,7.86515555091038
833,11.564052327062676,11.589334106294615,-0.025281779231939083,0.025281779231939083,0.21862387437294462
366,7.497137852552828,7.326688672419554,0.17044918013327415,0.17044918013327415,2.2735233563197057
4506,4.9646122034318605,5.45181568463956,-0.4872034812076995,0.4872034812076995,9.81352543247815
2078,6.346612948677129,5.986045958509374,0.3605669901677553,0.3605669901677553,5.681250662101758
4038,9.296642793881242,9.149496921678397,0.14714587220284514,0.14714587220284514,1.5827850490253526
4846,6.429814247439381,6.303194231397671,0.12662001604171014,0.12662001604171014,1.9692639813371822
4479,7.897911049955389,8.125511018539111,-0.22759996858372222,0.22759996858372222,2.8817742709954652
1746,6.467719993343773,6.77117080624757,-0.3034508129037965,0.3034508129037965,4.69177412157749
19,7.185772096022532,6.360752375155915,0.8250197208666172,0.8250197208666172,11.481295396541759
1322,8.559551635852062,8.497350605195948,0.06220103065611404,0.06220103065611404,0.7266856174519968
3567,5.63749518664674,6.362914733364309,-0.7254195467175686,0.7254195467175686,12.86776347828792
2521,6.028428183549445,5.839844791682493,0.18858339186695172,0.18858339186695172,3.128234858657912
218,8.502312396920896,8.465063209764173,0.037249187156723096,0.037249187156723096,0.43810654581702796
1487,9.955025858092949,10.144873767823329,-0.18984790973038024,0.18984790973038024,1.9070559176503112
438,3.004880987690718,4.141948838659468,-1.1370678509687502,1.1370678509687502,37.84069504338668
4174,10.206799842898526,10.43448724390748,-0.22768740100895357,0.22768740100895357,2.2307422944848785
2750,9.130160023615106,9.409441076583994,-0.27928105296888717,0.27928105296888717,3.0588845348441684
3288,3.0421150097968805,4.458620658689362,-1.4165056488924819,1.4165056488924819,46.56318529479465
3433,8.447790987569736,8.914685903220215,-0.4668949156504798,0.4668949156504798,5.526828449442927
2525,5.732688596285732,5.43850092478335,0.29418767150238256,0.29418767150238256,5.131757404248153
4650,11.774658931591304,11.632033498273477,0.14262543331782673,0.14262543331782673,1.2112914195345734
3688,11.462367954555138,10.930434103073432,0.5319338514817051,0.5319338514817051,4.640697747539285
2763,4.923472836923898,4.328679607328143,0.594793229595755,0.594793229595755,12.080765940964787
802,11.114788285284444,11.103972578144571,0.010815707139872899,0.010815707139872899,0.0973091602130873
2997,9.374779804266856,9.075841251155053,0.2989385531118032,0.2989385531118032,3.1887527958336013
2228,11.53814725132974,10.94159673930523,0.5965505120245105,0.5965505120245105,5.170245265813882
4785,7.999308096725887,7.993734469472823,0.005573627253063762,0.005573627253063762,0.06967636682658898
2077,8.603852589762447,8.685361365300004,-0.0815087755375572,0.0815087755375572,0.9473520691712324
582,7.148268094653773,6.77609017012265,0.37217792453112253,0.37217792453112253,5.206546811100669
203,12.594407898532166,12.302381776993238,0.29202612153892815,0.29202612153892815,2.318696709616359
4346,4.880520656274913,5.036719028790422,-0.15619837251550894,0.15619837251550894,3.2004448606253475
3478,8.49741011821849,8.925934373980274,-0.42852425576178454,0.42852425576178454,5.0429983936285065
2929,11.00317800478241,10.61315814901734,0.39001985576507003,0.39001985576507003,3.544610980532645
3085,5.842727772481323,5.5683856166424,0.27434215583892296,0.27434215583892296,4.695446485305164
1018,9.573421885342515,9.746602285901169,-0.17318040055865325,0.17318040055865325,1.8089707382874545
1583,11.34532418669369,11.687769066069944,-0.342444879376254,0.342444879376254,3.0183789704122237
1032,7.345849466619746,8.28944711212696,-0.9435976455072135,0.9435976455072135,12.845316934345211
1718,7.643906498162244,8.148717752341836,-0.5048112541795922,0.5048112541795922,6.604100328816939
1281,9.170625673232092,9.440018543464964,-0.2693928702328723,0.2693928702328723,2.9375626029442716
2498,8.941393970862942,8.28490334076217,0.6564906301007714,0.6564906301007714,7.342150812726272
3350,8.640069396920692,8.468746982515066,0.17132241440562623,0.17132241440562623,1.9828823882674516
517,8.62264233646951,9.317205108470514,-0.694562772001003,0.694562772001003,8.055103585398019
1747,11.773368354114076,12.356016982605528,-0.5826486284914516,0.5826486284914516,4.948869439626862
4652,6.800812953846999,6.3814378212539165,0.4193751325930828,0.4193751325930828,6.166544138754116
3732,10.077455250014856,9.487162891737187,0.5902923582776687,0.5902923582776687,5.857553753729629
668,11.04999703474567,10.323594248431213,0.7264027863144573,0.7264027863144573,6.573782635690783
4059,8.793314061407543,9.077167991311473,-0.28385392990393044,0.28385392990393044,3.2280654133544506
3026,11.175931921176993,10.261311246790132,0.9146206743868603,0.9146206743868603,8.183842572034361
4932,12.297491938327791,12.171272151664947,0.12621978666284406,0.12621978666284406,1.0263864151799345
3286,10.006135960536744,10.295362447415012,-0.2892264868782686,0.2892264868782686,2.890491274743323
2650,3.3558383977132253,4.3594529850059205,-1.0036145872926951,1.0036145872926951,29.906523150119206
4453,12.020093646506645,11.568746484123794,0.45134716238285044,0.45134716238285044,3.7549388187505826
3192,12.491182275665324,12.87966865112703,-0.3884863754617065,0.3884863754617065,3.110084913407561
2124,10.437662082532944,9.756503868152716,0.6811582143802273,0.6811582143802273,6.525965383762723
3375,14.075057945311787,13.506108826920695,0.5689491183910924,0.5689491183910924,4.042250629459055
3392,10.552577303222948,10.487304485353983,0.06527281786896566,0.06527281786896566,0.6185485876424726
3485,8.86406599982643,9.305241645087392,-0.4411756452609623,0.4411756452609623,4.9771250041414525
759,7.0914687665397445,7.312179637085398,-0.22071087054565375,0.22071087054565375,3.1123435470385465
3379,10.734987864804742,10.40880633690314,0.3261815279016016,0.3261815279016016,3.038489954618449
4440,5.817740615415088,5.735767876829012,0.08197273858607623,0.08197273858607623,1.4090132923574419
2526,8.258102152852029,8.450260599250798,-0.19215844639876956,0.19215844639876956,2.3269080818091536
4858,9.494877590971548,9.731685295139473,-0.23680770416792463,0.23680770416792463,2.4940574736118704
907,11.951474509058826,11.396376939870866,0.5550975691879607,0.5550975691879607,4.644594846997456
2683,8.528752110393835,8.843162600726664,-0.3144104903328291,0.3144104903328291,3.68647706327005
214,11.23673505160413,11.059335506253767,0.1773995453503634,0.1773995453503634,1.5787463576890002
3331,9.81211232577772,9.082406163645919,0.7297061621318015,0.7297061621318015,7.436789733998118
4458,10.32271687090249,9.842540023978742,0.4801768469237473,0.4801768469237473,4.65165181733563
693,9.460347621060333,9.332377519994392,0.12797010106594087,0.12797010106594087,1.3526997758629693
1503,10.821422752548154,10.08111278020818,0.7403099723399738,0.7403099723399738,6.841151937860025
2414,10.65045342760527,10.243146175905665,0.4073072516996046,0.4073072516996046,3.8243184148750995
2118,2.730559110772991,4.368850892005533,-1.6382917812325415,1.6382917812325415,59.998400136035116
3858,8.346911888677909,8.566218221613694,-0.21930633293578516,0.21930633293578516,2.627394848066639
2462,7.967341484394185,7.885342124481339,0.08199935991284679,0.08199935991284679,1.029193490368912
3635,5.0878991851840905,4.586069689712052,0.5018294954720384,0.5018294954720384,9.863196521923246
4105,7.843752941068342,7.58631328228797,0.25743965878037134,0.25743965878037134,3.282098004801606
4478,7.075525006630841,7.093960653403277,-0.018435646772436698,0.018435646772436698,0.2605551779572498
196,8.571435267387125,9.137207253142721,-0.5657719857555961,0.5657719857555961,6.600668010738688
4667,9.824735950748568,9.934102705980054,-0.10936675523148587,0.10936675523148587,1.1131775528598606
1543,6.119765274194705,6.855779408967624,-0.736014134772919,0.736014134772919,12.026836027134562
1330,13.039116735739512,13.70887845263189,-0.6697617168923777,0.6697617168923777,5.136557410032209
879,8.04512101597084,7.565658291306027,0.4794627246648133,0.4794627246648133,5.959670758376459
4502,9.206863828780516,7.705771738290077,1.501092090490439,1.501092090490439,16.30405443597469
3501,11.80152847329188,12.065716293587558,-0.2641878202956782,0.2641878202956782,2.2385898648091516
3894,7.143507304823895,6.670678879747828,0.4728284250760666,0.4728284250760666,6.618995472388938
4990,11.196285534303833,10.235117938989632,0.9611675953142012,0.9611675953142012,8.584700634592783
887,10.2453145883415,10.508763733446674,-0.2634491451051737,0.2634491451051737,2.5714109882478535
1345,12.691106502306411,12.300999076945427,0.3901074253609842,0.3901074253609842,3.0738645624799403
68,7.826709195419165,8.335480191865862,-0.5087709964466969,0.5087709964466969,6.500445892949128
4210,4.924810374238547,5.042147515056994,-0.1173371408184476,0.1173371408184476,2.3825717520461844
1815,10.493709818358942,10.77201867348704,-0.2783088551280972,0.2783088551280972,2.6521493346537053
568,9.588237662625264,9.416970622180317,0.17126704044494723,0.17126704044494723,1.7862202259810718
2167,8.275024926169,8.700276624808932,-0.42525169863993284,0.42525169863993284,5.138977857276463
96,7.33068866312424,7.49802715065322,-0.16733848752897984,0.16733848752897984,2.2827116962523197
4181,4.719617886007837,5.318670831687966,-0.5990529456801283,0.5990529456801283,12.692827261633392
3353,5.902869101204039,6.1893665244292055,-0.2864974232251667,0.2864974232251667,4.853528315014276
139,5.592754624468757,5.119073592436125,0.4736810320326317,0.4736810320326317,8.46954790328613
4954,8.148323011549143,8.53775151533414,-0.3894285037849965,0.3894285037849965,4.77924725410412
2602,9.190567019724506,10.109257159693229,-0.9186901399687226,0.9186901399687226,9.996011540931683
4023,6.716499641077034,7.1745267755191175,-0.45802713444208365,0.45802713444208365,6.81943212861746
4772,7.338372336724935,6.7904008895284775,0.5479714471964572,0.5479714471964572,7.467206923449909
1606,12.994026386156804,11.561741847401873,1.4322845387549314,1.4322845387549314,11.022638373897847
1629,7.419652479341403,6.6690020724357675,0.7506504069056357,0.7506504069056357,10.117056142395855
1539,8.068815584420928,8.107042327825994,-0.03822674340506538,0.03822674340506538,0.4737590418954752
1694,7.662396005244052,7.523892106061117,0.13850389918293438,0.13850389918293438,1.8075794971722157
2059,9.3877138838596,10.018229394199292,-0.6305155103396913,0.6305155103396913,6.716390360210525
463,9.199295279960976,8.914209783355583,0.28508549660539373,0.28508549660539373,3.0989927807448647
2330,10.78264472010631,11.429438073583162,-0.646793353476852,0.646793353476852,5.998466705211771
3043,9.974397636593547,9.93623011585196,0.038167520741588135,0.038167520741588135,0.38265489438240496
4734,11.096039642765628,11.825635539192222,-0.7295958964265932,0.7295958964265932,6.575281991735434
594,10.815014515482687,10.761212849576472,0.05380166590621549,0.05380166590621549,0.4974719712968805
3814,8.11901267712785,7.739813209465787,0.3791994676620636,0.3791994676620636,4.670512077537581
625,9.568348775160224,8.892196450526596,0.6761523246336285,0.6761523246336285,7.066551821239461
450,8.777774723516034,9.229297861238477,-0.4515231377224431,0.4515231377224431,5.143936270234793
1499,8.834256116698167,8.43559204241933,0.39866407427883743,0.39866407427883743,4.5127067747707486
2456,8.448653315628398,8.95897262659504,-0.5103193109666417,0.5103193109666417,6.040244425968436
4722,8.258484905464945,7.490789079448238,0.7676958260167073,0.7676958260167073,9.295843424121228
2984,9.070728406229396,10.277660312256328,-1.2069319060269326,1.2069319060269326,13.305788156969426
1569,10.01373691637688,10.286058937147741,-0.27232202077086143,0.27232202077086143,2.719484474626997
1034,9.611958934117132,8.818119779190663,0.7938391549264683,0.7938391549264683,8.258869605744765
3518,7.764347492135589,6.962294295011796,0.8020531971237927,0.8020531971237927,10.329949785686209
1557,9.852008315292508,10.016175237860276,-0.16416692256776777,0.16416692256776777,1.6663295169264545
3624,9.607755084918152,9.768076563217669,-0.16032147829951704,0.16032147829951704,1.6686674137976616
4664,8.622740811563588,8.865243911722903,-0.24250310015931476,0.24250310015931476,2.812366803767362
150,7.118296014388678,6.461585788102962,0.6567102262857158,0.6567102262857158,9.225666156033192
1420,11.769429363616698,11.979528152777595,-0.21009878916089697,0.21009878916089697,1.7851229882935842
2011,10.217481766536888,10.490481673533942,-0.2729999069970539,0.2729999069970539,2.671890327136688
2686,8.671890300353613,9.344091312464375,-0.6722010121107616,0.6722010121107616,7.751493490218059
1786,10.22909083293633,9.666206348422854,0.5628844845134768,0.5628844845134768,5.5027811728982075
88,11.443272488438588,11.258754435557108,0.18451805288147938,0.18451805288147938,1.612458788059992
457,10.823355586823231,9.93080903119428,0.892546555628952,0.892546555628952,8.24648648442792
1305,5.149361393383246,5.520736561893628,-0.3713751685103821,0.3713751685103821,7.212062625621626
2925,6.984172735431547,6.5542329262834,0.4299398091481468,0.4299398091481468,6.155916032360003
3270,9.34403182601178,9.908680009007213,-0.564648182995434,0.564648182995434,6.042875211785716
3227,8.619007606526953,8.002105987601386,0.6169016189255672,0.6169016189255672,7.157455325348633
1988,8.926295742452913,9.351391007703388,-0.4250952652504747,0.4250952652504747,4.762280765903238
3754,7.0321249645418495,6.299002328070053,0.7331226364717969,0.7331226364717969,10.42533572950464
3646,9.666894706298956,9.506869598077152,0.16002510822180405,0.16002510822180405,1.655393102787512
831,6.485317434659862,7.10299850417101,-0.6176810695111481,0.6176810695111481,9.52429970829244
239,6.025249985540711,5.958373800737267,0.06687618480344426,0.06687618480344426,1.1099321184006066
4681,8.563064795642514,8.781698887595335,-0.21863409195282024,0.21863409195282024,2.5532224404523545
3022,8.263702802616796,8.495086104237794,-0.23138330162099763,0.23138330162099763,2.7999954396681286
3148,6.468741317119697,6.720730530151585,-0.25198921303188815,0.25198921303188815,3.895490647693577
1946,9.097571620063423,9.340996728852618,-0.24342510878919477,0.24342510878919477,2.675715223305906
2775,11.14967901468255,11.653935299526715,-0.5042562848441658,0.5042562848441658,4.522608087462713
192,6.067301116125329,5.426844088259139,0.6404570278661907,0.6404570278661907,10.555880046302965
4849,6.006628406327323,5.595715316394131,0.4109130899331923,0.4109130899331923,6.840994017548023
4939,10.43648917089771,10.626255652326723,-0.18976648142901276,0.18976648142901276,1.8182980724799593
944,7.580455793603624,8.249769760435028,-0.6693139668314032,0.6693139668314032,8.829468636914541
1268,4.852630956548675,5.771377525257883,-0.9187465687092073,0.9187465687092073,18.932957748813546
4231,7.823264000703546,8.202099430699183,-0.3788354299956378,0.3788354299956378,4.842421653693
2307,10.923677968115438,11.13610870740932,-0.21243073929388245,0.21243073929388245,1.944681451741214
4424,4.879204297704268,5.795416359046531,-0.9162120613422626,0.9162120613422626,18.777899129441103
4711,10.28623249617153,10.738172902667367,-0.45194040649583656,0.45194040649583656,4.393643704476307
2313,11.22153065499752,10.664920064623711,0.5566105903738094,0.5566105903738094,4.960202021334071
3214,5.9102060531741465,6.525718310066406,-0.6155122568922593,0.6155122568922593,10.414395900151248
2732,5.079535689723016,4.930955832782354,0.14857985694066222,0.14857985694066222,2.9250676836717764
1926,7.923096201308915,7.971956206149325,-0.0488600048404102,0.0488600048404102,0.6166781722571841
