actual,predicted,residual,abs_error,pct_error
8.25574043367956,7.5678628655262585,0.6878775681533007,0.6878775681533007,8.33211234872504
7.792894220795022,8.515909460197243,-0.7230152394022209,0.7230152394022209,9.277878268549882
4.868133193163444,5.019561130182577,-0.15142793701913337,0.15142793701913337,3.110595602268874
8.553069168154456,6.956935759802735,1.5961334083517214,1.5961334083517214,18.66152812483484
10.999064786365231,11.109022700723212,-0.10995791435798097,0.10995791435798097,0.9997023973737119
6.779415624184543,5.649098828939568,1.1303167952449753,1.1303167952449753,16.672776208213882
10.468352711442904,10.75649785502537,-0.2881451435824651,0.2881451435824651,2.7525356808764676
11.28438399882391,11.173005322309958,0.11137867651395261,0.11137867651395261,0.9870160083666136
7.865359979833926,7.726533773399016,0.13882620643490995,0.13882620643490995,1.7650330918209445
7.470634618316621,7.340004828593173,0.1306297897234474,0.1306297897234474,1.748576879977067
10.40008934249081,9.63435235802737,0.765736984463441,0.765736984463441,7.362792368859091
7.586804366321019,7.357078065087918,0.229726301233101,0.229726301233101,3.027971859309976
7.473466498977178,7.681244000715487,-0.20777750173830878,0.20777750173830878,2.7802024905944958
7.475764637835136,7.485030207996943,-0.009265570161807624,0.009265570161807624,0.12394143757434808
7.688487931594587,8.820468914566261,-1.1319809829716743,1.1319809829716743,14.723063794117216
12.1236561802333,11.882482894592037,0.2411732856412634,0.2411732856412634,1.9892784986304552
6.337731756605752,6.343062818683091,-0.0053310620773387996,0.0053310620773387996,0.08411624666478332
4.861144842500119,4.000831910392135,0.8603129321079841,0.8603129321079841,17.69774322678934
11.29753886711867,11.396065051995233,-0.0985261848765635,0.0985261848765635,0.8721030840028584
7.038698415921271,6.976620243692881,0.062078172228390294,0.062078172228390294,0.8819552786630522
7.888708254873322,7.254497962964677,0.6342102919086452,0.6342102919086452,8.039469472291055
9.26375335724419,9.439187264990883,-0.17543390774669376,0.17543390774669376,1.8937670400033448
10.295601726128082,9.995518392413794,0.3000833337142872,0.3000833337142872,2.9146750398545285
11.216315208787725,10.99836440506922,0.21795080371850517,0.21795080371850517,1.9431586903669196
4.690751659624822,4.738111259350279,-0.047359599725457,0.047359599725457,1.0096377545010546
10.605787215774356,10.38583104012874,0.2199561756456152,0.2199561756456152,2.0739259724018106
5.747900022415544,6.196350598629869,-0.4484505762143254,0.4484505762143254,7.8019898478656025
8.575422963423893,9.165708960031804,-0.5902859966079106,0.5902859966079106,6.883462181697779
8.566130829086468,8.841162323117786,-0.27503149403131744,0.27503149403131744,3.2106851917022152
11.63669839441148,12.42766157292586,-0.7909631785143798,0.7909631785143798,6.797144273278059
8.49542125273396,8.070231791517847,0.4251894612161138,0.4251894612161138,5.004924989202638
8.125693158854215,8.477491682393756,-0.3517985235395411,0.3517985235395411,4.3294586278612
9.715879918936771,9.54414517352175,0.1717347454150211,0.1717347454150211,1.7675675991044402
11.0171450266658,12.037381325160572,-1.0202362984947726,1.0202362984947726,9.260441757146717
11.423861772960826,11.32291236988407,0.10094940307675593,0.10094940307675593,0.8836714333824782
9.358331894324609,8.74560971990164,0.6127221744229683,0.6127221744229683,6.547343921351578
5.840545597852547,6.211197306813184,-0.37065170896063737,0.37065170896063737,6.346182950731841
10.151183208146998,10.998004119743447,-0.8468209115964491,0.8468209115964491,8.342090712310455
7.697127530430695,7.628370167575268,0.06875736285542722,0.06875736285542722,0.89328600290945
8.953880394208495,8.262733827651177,0.6911465665573182,0.6911465665573182,7.7189613455676955
6.238372540097466,5.733893799445113,0.5044787406523534,0.5044787406523534,8.08670430324239
8.485012691457403,8.846281976436629,-0.36126928497922606,0.36126928497922606,4.257734173373095
6.282458616675993,5.461040152993174,0.8214184636828188,0.8214184636828188,13.074793067517662
10.001288508659036,9.867437502380403,0.13385100627863267,0.13385100627863267,1.3383376168255272
11.565150525397476,11.236035690734354,0.3291148346631214,0.3291148346631214,2.8457462264790565
11.171472878644868,11.378267326088592,-0.20679444744372333,0.20679444744372333,1.8510938502928014
10.16328244014756,9.723428999868384,0.43985344027917606,0.43985344027917606,4.3278679193411245
9.52082250032062,9.378541767900254,0.14228073242036565,0.14228073242036565,1.4944163953857375
9.398223201306037,8.719858642086013,0.6783645592200234,0.6783645592200234,7.218008603219314
6.590947362913672,6.341574984493925,0.24937237841974724,0.24937237841974724,3.7835589436342687
6.674693317035283,6.768590689659843,-0.09389737262455977,0.09389737262455977,1.4067668455255173
9.025899021734206,8.940941346562937,0.08495767517126929,0.08495767517126929,0.941265517891267
9.128898052200547,9.516642371797596,-0.3877443195970489,0.3877443195970489,4.247438380622314
8.64359016132073,8.394869642872175,0.2487205184485557,0.2487205184485557,2.8775140168208933
10.524584660133442,10.874216842768288,-0.34963218263484563,0.34963218263484563,3.3220520707029273
8.64313442073532,8.932023267085622,-0.2888888463503019,0.2888888463503019,3.342408347338007
11.819785772614203,11.88715306444319,-0.06736729182898671,0.06736729182898671,0.5699535772050373
10.310317721865056,10.322010249259222,-0.011692527394165708,0.011692527394165708,0.11340608223323133
9.276835043197224,8.483939817521392,0.7928952256758315,0.7928952256758315,8.54704456836567
10.786371012083864,11.101793349145895,-0.3154223370620315,0.3154223370620315,2.924267454815591
11.441884899298888,10.636381187186444,0.8055037121124435,0.8055037121124435,7.039956433767321
9.490626409612505,8.851406540677566,0.6392198689349389,0.6392198689349389,6.7352758537361685
3.422569070364428,4.416329977484728,-0.9937609071203002,0.9937609071203002,29.035525264490474
9.86841506281393,10.224666675768093,-0.3562516129541624,0.3562516129541624,3.6100185357685897
7.300779003444786,7.894843172598538,-0.5940641691537518,0.5940641691537518,8.136997009133541
12.05484818263712,11.714381172705062,0.34046700993205725,0.34046700993205725,2.8243160326352337
7.300652610639578,8.153764629158385,-0.8531120185188064,0.8531120185188064,11.685421345422283
7.217612546681886,7.8522118297138945,-0.6345992830320082,0.6345992830320082,8.792371146657755
8.315746668087714,8.76379970043683,-0.448053032349117,0.448053032349117,5.388007237745147
8.382881318151433,8.775868745760304,-0.39298742760887073,0.39298742760887073,4.687975562268023
6.537167889892768,6.535219342488158,0.0019485474046092577,0.0019485474046092577,0.02980721066720562
7.278272326072086,7.57017963676614,-0.29190731069405373,0.29190731069405373,4.010667609240025
5.571952206597819,4.864369917808933,0.7075822887888865,0.7075822887888865,12.699001401179094
7.741615059998135,7.321322321365881,0.4202927386322539,0.4202927386322539,5.429005903483338
6.9743589455494215,7.616306751989295,-0.6419478064398731,0.6419478064398731,9.204398733298953
6.901899372986314,7.109511306993612,-0.20761193400729816,0.20761193400729816,3.008040581117146
7.845593974987806,7.425643826306172,0.41995014868163416,0.41995014868163416,5.352687763609216
8.174680984363658,8.464617340997721,-0.2899363566340636,0.2899363566340636,3.546760505867412
12.13623732569097,10.97109256377116,1.1651447619198105,1.1651447619198105,9.600543649993872
7.257945205872001,7.179563437949022,0.0783817679229788,0.0783817679229788,1.0799443327233231
10.794452081938484,10.593217874682322,0.20123420725616192,0.20123420725616192,1.864237348302944
9.297456888817846,9.257622360205925,0.03983452861192127,0.03983452861192127,0.42844542425177257
7.749969649967697,6.86929716062153,0.8806724893461668,0.8806724893461668,11.363560492779964
4.366468054259353,5.774804977187322,-1.408336922927969,1.408336922927969,32.25345760984511
13.1234718988603,11.731411560660218,1.392060338200082,1.392060338200082,10.607408991525897
7.600612956744321,6.982522123874074,0.618090832870247,0.618090832870247,8.132118243460758
8.087173659085803,7.851605019339669,0.23556863974613407,0.23556863974613407,2.9128673338364224
5.209581861246792,6.1214552840087295,-0.9118734227619374,0.9118734227619374,17.50377375860453
7.350112384662786,7.51145499378265,-0.1613426091198633,0.1613426091198633,2.1951039749614045
8.899049408054484,8.91232944761065,-0.013280039556166301,0.013280039556166301,0.14922986655346138
11.056932203450094,10.678864685053878,0.37806751839621633,0.37806751839621633,3.4192804246212885
10.945053709896143,10.586106996720982,0.35894671317516114,0.35894671317516114,3.2795335928832747
4.321714027221558,4.4436513419626325,-0.12193731474107405,0.12193731474107405,2.8215035509757658
5.429805878201663,4.857866419159185,0.5719394590424782,0.5719394590424782,10.533331612066819
5.11216511638386,4.82356101301673,0.28860410336713027,0.28860410336713027,5.645437829114511
4.6365180534539245,5.136986300011976,-0.5004682465580519,0.5004682465580519,10.794053658115995
11.06347279050262,10.899133971128016,0.16433881937460448,0.16433881937460448,1.4854180281952722
7.999069933941257,8.207248534650303,-0.20817860070904537,0.20817860070904537,2.6025350750555667
9.001879800770228,8.418335391073215,0.5835444096970122,0.5835444096970122,6.482472801370691
9.137619991515892,9.032991140932769,0.10462885058312388,0.10462885058312388,1.1450339440715394
9.9985401548089,10.57686007067685,-0.5783199158679491,0.5783199158679491,5.784043539494115
10.679419835287916,10.786664074916404,-0.10724423962848739,0.10724423962848739,1.0042140985423305
7.665562691814078,7.049759379467307,0.6158033123467703,0.6158033123467703,8.0333738970575
7.353135090347274,7.360498018075206,-0.007362927727932345,0.007362927727932345,0.10013317635899177
5.550577502420524,5.650709933079187,-0.10013243065866284,0.10013243065866284,1.8040002254719725
3.4628069741214675,3.8234316393627026,-0.36062466524123504,0.36062466524123504,10.414229494634982
6.379493814446182,6.745072564599684,-0.36557875015350216,0.36557875015350216,5.730529110721285
8.194923207874483,9.045983853194505,-0.8510606453200218,0.8510606453200218,10.385218064059949
5.314663630425519,5.465485560210253,-0.1508219297847333,0.1508219297847333,2.837845257436504
8.23799237104801,8.179798411993215,0.05819395905479574,0.05819395905479574,0.7064094798062127
10.677417830435257,10.633630518851957,0.043787311583299626,0.043787311583299626,0.4100927047969113
10.125062571299672,10.69809961726548,-0.5730370459658083,0.5730370459658083,5.659590169745017
11.588814799446643,11.989464511724721,-0.4006497122780779,0.4006497122780779,3.457210415487946
10.872205779142677,10.89600368572544,-0.023797906582762707,0.023797906582762707,0.21888756583707045
10.841690382685176,10.074538883659496,0.7671514990256796,0.7671514990256796,7.075939931386217
7.932240147203319,7.785363972869954,0.1468761743333653,0.1468761743333653,1.8516354977622513
6.247150791098245,6.304607731335905,-0.05745694023765946,0.05745694023765946,0.9197303244149573
11.00232644993484,10.301186035014513,0.7011404149203262,0.7011404149203262,6.37265598426666
11.461720130275756,11.236376053336823,0.2253440769389332,0.2253440769389332,1.9660580992873335
13.535676797823148,12.744794566021154,0.7908822318019944,0.7908822318019944,5.842945599359957
6.290994838833512,6.594909858938013,-0.3039150201045002,0.3039150201045002,4.830953257638543
6.7445448818188805,5.186412103201536,1.5581327786173444,1.5581327786173444,23.102118911204347
4.459705421135969,4.656253799669261,-0.19654837853329177,0.19654837853329177,4.407205408720186
9.581487464556352,9.16035342502123,0.4211340395351222,0.4211340395351222,4.39528873875766
8.399547222213702,8.120517308030076,0.2790299141836261,0.2790299141836261,3.3219637535425126
7.391792573020327,6.575960799791951,0.8158317732283757,0.8158317732283757,11.036994953106786
5.889928314679611,6.156761797787002,-0.2668334831073915,0.2668334831073915,4.530334986291021
9.254891337495636,9.499103825707438,-0.24421248821180264,0.24421248821180264,2.638739659993526
9.1813621321307,9.628298977896934,-0.4469368457662348,0.4469368457662348,4.867870794488695
5.65298274713544,5.051201421236364,0.6017813258990765,0.6017813258990765,10.645377012764097
10.47111079156699,9.743194682297453,0.7279161092695361,0.7279161092695361,6.951660848205048
9.114700036215186,9.637734594213807,-0.5230345579986206,0.5230345579986206,5.7383628196261185
7.706959442088675,7.4539476671186975,0.25301177496997784,0.25301177496997784,3.2829000447082763
6.781040062067481,7.445360246834557,-0.6643201847670763,0.6643201847670763,9.796729980747685
12.977284297473258,12.623311995592402,0.35397230188085516,0.35397230188085516,2.7276300169348633
7.065162248890204,6.708619941617224,0.35654230727298053,0.35654230727298053,5.04648435114121
8.879857031476305,10.058508292434295,-1.1786512609579898,1.1786512609579898,13.273313486692873
6.72247715807717,6.97958540548408,-0.25710824740691063,0.25710824740691063,3.8246057422149917
9.461888521257125,9.577747806234319,-0.11585928497719422,0.11585928497719422,1.2244837245429832
12.368708146146908,12.541254168888091,-0.1725460227411837,0.1725460227411837,1.3950205688613901
6.958607275015512,6.9663346465278,-0.00772737151228764,0.00772737151228764,0.11104767386474491
5.679751261783985,6.25218481802199,-0.5724335562380052,0.5724335562380052,10.07849692449747
5.401110635154097,5.286616369381446,0.11449426577265154,0.11449426577265154,2.1198281891773347
10.678968956475067,10.383391552429643,0.29557740404542443,0.29557740404542443,2.7678458964543067
11.939473281692363,11.711791614454457,0.22768166723790628,0.22768166723790628,1.9069657585902609
9.795893535857935,9.77579031131994,0.020103224537995956,0.020103224537995956,0.20522093736939834
11.761504847981891,11.566014818798392,0.19549002918349956,0.19549002918349956,1.662117490152996
9.836535323008674,10.228774231199747,-0.3922389081910733,0.3922389081910733,3.9875717954632455
6.847626870946422,6.385475549104895,0.4621513218415263,0.4621513218415263,6.749072789032555
6.410126441401874,6.275575607619042,0.13455083378283206,0.13455083378283206,2.0990355652548756
5.80049383078331,6.390242309858986,-0.5897484790756762,0.5897484790756762,10.167211556124272
10.404495578493792,10.834026314257672,-0.4295307357638798,0.4295307357638798,4.1283186918905
5.3626535353157605,5.072868448122168,0.2897850871935921,0.2897850871935921,5.403762993175152
8.447829441939836,8.046215028264506,0.4016144136753308,0.4016144136753308,4.754054475596869
11.278899938089827,10.847406803451035,0.43149313463879224,0.43149313463879224,3.825666838142631
8.734982030592302,8.53964591427232,0.19533611631998227,0.19533611631998227,2.2362509234233294
9.47421639367799,9.154269487730392,0.31994690594759767,0.31994690594759767,3.377027636407943
8.64700655656414,8.635389641225148,0.011616915338992229,0.011616915338992229,0.13434609148264798
6.912740957017207,7.139489005239417,-0.22674804822220995,0.22674804822220995,3.2801467555649584
9.141127808751524,9.39410259929343,-0.25297479054190575,0.25297479054190575,2.7674352206268575
4.2442757910643785,3.991177939559191,0.2530978515051876,0.2530978515051876,5.9632753375273895
10.250963133588607,9.039519526461898,1.211443607126709,1.211443607126709,11.817851565159348
10.129822780463376,9.959868178439283,0.1699546020240934,0.1699546020240934,1.6777648109685788
12.140400801097648,10.985719099127147,1.1546817019705014,1.1546817019705014,9.511067392981815
8.404259611597759,8.86943018349264,-0.4651705718948804,0.4651705718948804,5.534938155086875
5.933342339943998,6.398571543157997,-0.4652292032139993,0.4652292032139993,7.840929724921121
6.70295286640877,6.5358851968303275,0.16706766957844277,0.16706766957844277,2.492448819320914
9.053382760045675,9.044590446221381,0.00879231382429424,0.00879231382429424,0.0971163382497912
11.889422062132663,11.600808379184063,0.28861368294860057,0.28861368294860057,2.4274828619956534
9.679845696453626,9.761071057254972,-0.08122536080134601,0.08122536080134601,0.8391183428792082
11.134544428216262,11.129952354720748,0.004592073495514271,0.004592073495514271,0.0412416828108154
8.902760785588923,8.149219239561631,0.7535415460272912,0.7535415460272912,8.464133364641944
7.964096372997876,7.891749950150345,0.07234642284753079,0.07234642284753079,0.9084071746396744
10.97043987599325,9.74867627112599,1.2217636048672595,1.2217636048672595,11.136869794445161
11.415791347529987,11.29851694528983,0.11727440224015773,0.11727440224015773,1.027299804892914
6.761020112837194,6.148359616656462,0.612660496180732,0.612660496180732,9.061657648636032
9.932307896502046,9.825989148714429,0.10631874778761663,0.10631874778761663,1.0704334671809752
11.315825566037269,11.158084925779544,0.1577406402577246,0.1577406402577246,1.393982607253678
8.337556282829299,8.777224470132005,-0.43966818730270596,0.43966818730270596,5.273345958793423
8.929261408613852,8.106271984501257,0.8229894241125955,0.8229894241125955,9.216769298731434
4.606085042551921,5.252270619210308,-0.6461855766583868,0.6461855766583868,14.028954539240965
1.8814256701128345,4.047753365800785,-2.1663276956879507,2.1663276956879507,115.14287968432097
3.794028816786774,4.002163241025204,-0.20813442423842954,0.20813442423842954,5.485841945046217
9.861724140467423,9.51631772276709,0.34540641770033353,0.34540641770033353,3.5024952308589117
11.574234894026583,12.049357513981484,-0.47512261995490057,0.47512261995490057,4.105002398042824
10.484234408891082,10.112640763252214,0.37159364563886754,0.37159364563886754,3.5443088273926815
7.569483870034111,7.548951484578278,0.02053238545583369,0.02053238545583369,0.2712521198059064
11.726200493805203,11.855545602046117,-0.12934510824091383,0.12934510824091383,1.1030436355684448
8.198498440554554,8.471529333027497,-0.2730308924729439,0.2730308924729439,3.330254856454859
4.828002458906044,5.270691186252405,-0.44268872734636044,0.44268872734636044,9.169190179879637
7.945623739750536,7.427942195440571,0.5176815443099647,0.5176815443099647,6.515304037367091
8.776103011111346,9.554423302935703,-0.7783202918243575,0.7783202918243575,8.868632134774776
10.277729692261838,10.973620703120643,-0.695891010858805,0.695891010858805,6.770863135102155
8.096091183133922,7.781152225460402,0.31493895767351976,0.31493895767351976,3.8900124831796896
6.752375128274742,6.346384706791602,0.40599042148314,0.40599042148314,6.01255726719188
6.842093801770185,6.68099012848423,0.16110367328595476,0.16110367328595476,2.354596092270382
6.235775307743444,6.47225581604642,-0.23648050830297596,0.23648050830297596,3.792319264764396
8.478817877375871,8.675924745687524,-0.19710686831165347,0.19710686831165347,2.324697512817159
9.393200229906538,9.369973801219228,0.02322642868731073,0.02322642868731073,0.24726853594966783
10.609514500994276,11.118001859381357,-0.5084873583870806,0.5084873583870806,4.792748606351662
6.850953380983443,6.714772507499476,0.13618087348396646,0.13618087348396646,1.9877652920828652
3.843209325600348,4.680178865144679,-0.8369695395443313,0.8369695395443313,21.777880636610607
8.983849614274803,8.780693416096764,0.2031561981780392,0.2031561981780392,2.2613490530299627
8.234378465199361,7.699494290540265,0.534884174659096,0.534884174659096,6.495744359087411
8.603826798389791,8.955821490330974,-0.35199469194118294,0.35199469194118294,4.091141072331428
6.034799922599957,6.209356653511062,-0.1745567309111049,0.1745567309111049,2.892502372073689
8.182747538502618,8.356164909909069,-0.17341737140645108,0.17341737140645108,2.1193049228326206
5.190292144229725,5.3229377866110665,-0.13264564238134113,0.13264564238134113,2.555648867064431
6.14427792689188,5.875656631022119,0.26862129586976113,0.26862129586976113,4.37189363934982
7.580529231884631,7.65190890251486,-0.07137967063022899,0.07137967063022899,0.9416185657592004
9.181786414023438,9.576947263033064,-0.3951608490096259,0.3951608490096259,4.303746909273479
10.949236322854352,11.507452651030318,-0.5582163281759662,0.5582163281759662,5.098221571953842
6.489298861805833,5.897826593827586,0.5914722679782471,0.5914722679782471,9.114578948728724
6.242686785449518,6.639412372503931,-0.3967255870544131,0.3967255870544131,6.355045522692294
4.967279944874058,5.431591382789963,-0.4643114379159057,0.4643114379159057,9.347398235427578
10.596918774735252,9.953224929787483,0.6436938449477694,0.6436938449477694,6.074349144606433
10.407740076600389,10.380998279304876,0.026741797295512626,0.026741797295512626,0.256941440684476
12.052701702422915,12.122876825278631,-0.0701751228557157,0.0701751228557157,0.582235623085309
12.155581814958545,11.647067991310683,0.5085138236478617,0.5085138236478617,4.183377080495557
7.916980700388937,7.824704474577528,0.09227622581140871,0.09227622581140871,1.1655481970149992
6.081854862768827,6.117971419756391,-0.03611655698756433,0.03611655698756433,0.5938411521238095
9.067472039535296,9.295605420216205,-0.22813338068090872,0.22813338068090872,2.5159535059630627
5.631727560525361,5.265877542328241,0.36585001819712026,0.36585001819712026,6.496230761613611
5.879908337360993,5.471689804344684,0.40821853301630906,0.40821853301630906,6.942600285492287
8.425370773847176,8.287649688664834,0.13772108518234205,0.13772108518234205,1.634599697497421
11.692084926859268,11.846727630639316,-0.1546427037800484,0.1546427037800484,1.3226272709052977
8.927466979727226,8.57319305702532,0.35427392270190694,0.35427392270190694,3.9683588133834977
5.135404616374291,5.4917877141774,-0.3563830978031097,0.3563830978031097,6.939727722072347
8.602217107564373,8.733479835610696,-0.13126272804632322,0.13126272804632322,1.5259174048385402
12.156124992739691,11.603956892190801,0.5521681005488901,0.5521681005488901,4.5423035784732
5.9686999524147,5.966994943782364,0.0017050086323360247,0.0017050086323360247,0.028565829174345508
10.951586211916055,10.01758175696624,0.9340044549498145,0.9340044549498145,8.52848561730314
4.332929602453768,5.210298279169818,-0.87736867671605,0.87736867671605,20.248856021551564
3.1639524176354707,3.878508577406893,-0.7145561597714223,0.7145561597714223,22.584289061636216
5.627068656230467,6.312146416280301,-0.6850777600498343,0.6850777600498343,12.174682803830637
7.408044207465174,7.812683896771288,-0.40463968930611394,0.40463968930611394,5.46216623408313
8.677348855230619,8.20758208491389,0.4697667703167294,0.4697667703167294,5.413713083962952
5.270229114587738,5.426182422293649,-0.15595330770591076,0.15595330770591076,2.9591371516323566
9.390801481959898,9.665729479074948,-0.27492799711505,0.27492799711505,2.9276308059881533
5.646011112018132,5.534276759899034,0.11173435211909855,0.11173435211909855,1.978996319742626
6.538133865954877,7.123491487346419,-0.5853576213915419,0.5853576213915419,8.952977002193148
5.20518223340796,5.452730706644979,-0.24754847323701856,0.24754847323701856,4.755808003189593
6.850828446668304,7.85090888904225,-1.000080442373946,1.000080442373946,14.597948994917619
11.04588434857677,11.088829234164454,-0.0429448855876835,0.0429448855876835,0.38878630476714005
9.01366089656103,9.274138846775907,-0.2604779502148773,0.2604779502148773,2.8898130649030422
8.633142692819407,8.496847814953252,0.13629487786615435,0.13629487786615435,1.5787400106280793
6.288896120363011,5.982064182851179,0.30683193751183246,0.30683193751183246,4.878947459766935
9.538578527395602,8.42191595745699,1.1166625699386117,1.1166625699386117,11.706802714172374
8.084168816911422,9.108076186805832,-1.0239073698944097,1.0239073698944097,12.665586197958644
6.274249561288374,7.24593855004559,-0.971688988757216,0.971688988757216,15.486935597086552
6.558070385576328,6.1976900531509935,0.3603803324253345,0.3603803324253345,5.495219039093372
5.787443568092991,5.919395442865835,-0.1319518747728443,0.1319518747728443,2.279968231574887
10.201744471214262,10.875474734749385,-0.6737302635351234,0.6737302635351234,6.604069190677668
10.330292755732827,10.913308528615232,-0.5830157728824048,0.5830157728824048,5.643748794620156
5.360349152413589,5.722023793248861,-0.3616746408352727,0.3616746408352727,6.747221693057486
9.494122606332418,9.006148268598833,0.48797433773358456,0.48797433773358456,5.139751801900198
7.641941065519444,7.487345745762017,0.15459531975742724,0.15459531975742724,2.0229849776644273
11.53591130282923,11.68156840197931,-0.14565709915008007,0.14565709915008007,1.2626405953239
8.355282251901427,8.398427523862939,-0.043145271961511966,0.043145271961511966,0.5163831772612268
5.081348048855411,5.666841057030052,-0.585493008174641,0.585493008174641,11.522395288520437
10.649150202775978,10.496924546889238,0.15222565588674009,0.15222565588674009,1.4294629429403531
4.301362961894695,5.127204126154515,-0.8258411642598205,0.8258411642598205,19.199522839059554
10.801425645777258,10.968878261469408,-0.16745261569215053,0.16745261569215053,1.5502825384685675
10.981915296312758,11.604984156945582,-0.6230688606328236,0.6230688606328236,5.6735901144859735
9.051081645525828,8.97646132124297,0.07462032428285781,0.07462032428285781,0.8244354344073834
13.76141519652734,13.64602136486616,0.11539383166118,0.11539383166118,0.8385317208530948
8.228263385775374,8.112648214023702,0.11561517175167246,0.11561517175167246,1.4050980909476283
12.120664796801831,11.99571116121269,0.12495363558914185,0.12495363558914185,1.0309140437751585
7.051070898314563,7.072887720202437,-0.021816821887873594,0.021816821887873594,0.30941146674739195
8.420400820373663,9.08152624886193,-0.6611254284882673,0.6611254284882673,7.851472187507212
7.848787716444733,8.000391017523885,-0.15160330107915243,0.15160330107915243,1.9315505343776098
9.212683205631624,9.419859879998612,-0.2071766743669876,0.2071766743669876,2.248820129192574
9.59506009513958,9.33930864279191,0.2557514523476705,0.2557514523476705,2.665449197939078
9.893371837354756,9.335199803922292,0.5581720334324647,0.5581720334324647,5.641878649753713
6.646204174713441,6.324981858704655,0.3212223160087859,0.3212223160087859,4.833169544067397
7.880850628640368,8.713672303373006,-0.8328216747326378,0.8328216747326378,10.56766222298416
6.417434317712884,6.647331212857919,-0.22989689514503553,0.22989689514503553,3.582380181289783
8.176262871826095,8.315139361938423,-0.1388764901123274,0.1388764901123274,1.6985325972195726
7.314756619462831,7.391387248920824,-0.07663062945799304,0.07663062945799304,1.0476169399005995
6.765279936927127,6.565532289096122,0.1997476478310043,0.1997476478310043,2.952540762440824
7.4261107262420305,7.554962508680192,-0.12885178243816142,0.12885178243816142,1.7351179801673469
8.311356589810723,8.154367037362151,0.1569895524485716,0.1569895524485716,1.888855937682091
9.0080976402099,8.714218627815523,0.2938790123943775,0.2938790123943775,3.262387066971554
5.749253316154814,5.6596754977074015,0.0895778184474123,0.0895778184474123,1.558077432346002
11.22633731031809,10.196227328964097,1.0301099813539931,1.0301099813539931,9.175833158043652
11.46919534790056,11.598481869342217,-0.12928652144165653,0.12928652144165653,1.1272501471981857
10.027147698947632,10.028068373216268,-0.0009206742686362901,0.0009206742686362901,0.009181816168250086
9.059341920516983,8.662719421658867,0.3966224988581164,0.3966224988581164,4.378049778205994
6.122334591150322,5.9908110736390405,0.13152351751128144,0.13152351751128144,2.1482575895377445
4.445615240181084,4.7355425077789315,-0.2899272675978475,0.2899272675978475,6.521645530125496
6.143070211057646,5.874352865949602,0.268717345108044,0.268717345108044,4.374316683282369
5.854892228029576,5.613520398566658,0.2413718294629179,0.2413718294629179,4.1225665659118365
7.254284476066571,6.62129941138184,0.632985064684731,0.632985064684731,8.725671935986016
9.066754375527768,9.37640875953608,-0.30965438400831147,0.30965438400831147,3.4152726674068163
8.283624878135708,7.668101588587771,0.6155232895479372,0.6155232895479372,7.4306031309141725
7.350262141762542,6.899244561771864,0.45101757999067793,0.45101757999067793,6.13607475885924
10.467851560674829,9.32731627667905,1.1405352839957796,1.1405352839957796,10.895600471451976
8.180727687534475,7.795262703011389,0.385464984523086,0.385464984523086,4.711866709735919
10.18471511165215,10.215249592100083,-0.030534480447933277,0.030534480447933277,0.29980691765250583
10.51746641793548,10.723439182987438,-0.20597276505195694,0.20597276505195694,1.9583876655000363
11.838094903703055,11.346277984710843,0.49181691899221214,0.49181691899221214,4.1545275907390105
5.91539833260538,5.918466143624248,-0.003067811018867772,0.003067811018867772,0.05186144442645817
7.325531327427789,7.078477852009779,0.24705347541801004,0.24705347541801004,3.372499063556088
9.05945368421318,8.145388991005593,0.9140646932075871,0.9140646932075871,10.08962267559707
7.493733419663163,7.7378329110522435,-0.24409949138908082,0.24409949138908082,3.257381570961366
6.266178023660521,6.114404437764965,0.15177358589555556,0.15177358589555556,2.422107787593526
6.556341404798724,7.191589202066236,-0.6352477972675121,0.6352477972675121,9.689059157330655
8.176244836554657,7.617928709229101,0.5583161273255559,0.5583161273255559,6.828515271820329
7.656481905594491,8.066360799051592,-0.40987889345710116,0.40987889345710116,5.353358089406676
12.646002677075009,12.075311903507677,0.5706907735673319,0.5706907735673319,4.512815536579748
6.622912666249847,6.518320540736214,0.10459212551363262,0.10459212551363262,1.5792466364026023
6.252420767981662,7.929924318301222,-1.6775035503195594,1.6775035503195594,26.829665062050402
9.100625489758803,9.314069498195735,-0.213444008436932,0.213444008436932,2.3453773444157955
7.883731467360628,7.814484431658361,0.06924703570226676,0.06924703570226676,0.8783535561676072
7.364462410317772,7.986538003782206,-0.6220755934644338,0.6220755934644338,8.446992581466535
7.802935991793693,7.181066580692744,0.6218694111009491,0.6218694111009491,7.969684894954487
5.777707476230587,6.253805524453513,-0.47609804822292645,0.47609804822292645,8.24025879090604
4.048013055698535,4.486492568718107,-0.43847951301957266,0.43847951301957266,10.831968844623887
8.040263649967581,8.832387252245525,-0.7921236022779432,0.7921236022779432,9.851960542128953
7.44896720434477,7.190991218902419,0.2579759854423509,0.2579759854423509,3.4632450159249037
6.235389621832833,6.107326968870951,0.1280626529618818,0.1280626529618818,2.0538035428207775
8.823966685687015,8.868610224186687,-0.044643538499672175,0.044643538499672175,0.5059350300141837
5.217275925811919,6.099730346315076,-0.8824544205031577,0.8824544205031577,16.91408376806962
7.726609516974934,7.9293573272280575,-0.20274781025312372,0.20274781025312372,2.624020403874403
9.26718240889311,9.335786805834665,-0.06860439694155573,0.06860439694155573,0.7402940172594485
5.104938108210168,5.040727023019073,0.06421108519109442,0.06421108519109442,1.2578229907983614
8.914164534372198,8.641816735809561,0.27234779856263636,0.27234779856263636,3.0552251701490176
8.397129245578498,8.162035097356364,0.23509414822213337,0.23509414822213337,2.7996966742642675
5.765632919893221,5.745163967329651,0.020468952563570397,0.020468952563570397,0.35501657576822426
6.438296442655244,7.061472594419316,-0.6231761517640715,0.6231761517640715,9.67920873657481
2.6798588712618665,3.2320984281045972,-0.5522395568427307,0.5522395568427307,20.607038779721165
7.650559212564324,8.243691416345795,-0.5931322037814715,0.5931322037814715,7.752795414057904
6.745963252303499,6.824464928831594,-0.07850167652809503,0.07850167652809503,1.1636837259866424
7.6783004589824015,7.080039152653157,0.5982613063292446,0.5982613063292446,7.79158499364756
10.836462052143652,10.556254983128415,0.28020706901523695,0.28020706901523695,2.5857800051983464
8.918560240359325,9.514869173525259,-0.5963089331659344,0.5963089331659344,6.686156925502915
10.019198748001394,10.924991649350039,-0.9057929013486454,0.9057929013486454,9.04057224665127
10.6996572657953,10.63303468531237,0.0666225804829299,0.0666225804829299,0.6226608836893233
13.663065062015912,13.907655694990398,-0.2445906329744858,0.2445906329744858,1.790159322701767
11.202877388303396,11.543997926040056,-0.3411205377366606,0.3411205377366606,3.0449368132227783
14.1686765851864,14.036633028902445,0.13204355628395525,0.13204355628395525,0.931939941532783
8.699826754593849,8.701338221595016,-0.0015114670011673326,0.0015114670011673326,0.01737352988516948
7.38823097297058,7.363570189653652,0.02466078331692767,0.02466078331692767,0.3337846827900716
4.742918554530298,4.441852855555821,0.3010656989744769,0.3010656989744769,6.347688570087456
7.228597199543894,6.944702367074353,0.2838948324695414,0.2838948324695414,3.927384866422692
6.514353226905074,7.0375540758084885,-0.5232008489034143,0.5232008489034143,8.031508741996534
10.210952066849709,10.822620105511007,-0.611668038661298,0.611668038661298,5.990313485527999
6.706158005311627,6.710705776885007,-0.004547771573379933,0.004547771573379933,0.06781485866837406
9.89757754675541,9.706497165909623,0.19108038084578816,0.19108038084578816,1.93057725431439
6.583737227038998,6.436749360955168,0.14698786608383063,0.14698786608383063,2.232590108246736
9.754422128845745,10.36378706667597,-0.6093649378302253,0.6093649378302253,6.247063432165943
5.019784471647418,5.620320868477641,-0.6005363968302238,0.6005363968302238,11.963390066289774
2.526825235975099,3.0507448197098643,-0.5239195837347652,0.5239195837347652,20.73430232829637
6.656939174705967,7.095321821079111,-0.4383826463731433,0.4383826463731433,6.585348534336073
6.432926398835118,5.618128168206913,0.8147982306282051,0.8147982306282051,12.66605865062827
5.128339089250297,6.091551761387636,-0.9632126721373391,0.9632126721373391,18.782156471602377
7.687387004902248,6.865516908991543,0.8218700959107048,0.8218700959107048,10.691150261936833
8.85374627025306,8.186207440075442,0.6675388301776177,0.6675388301776177,7.539620063660781
6.270948979324667,5.681921663865505,0.5890273154591625,0.5890273154591625,9.392953401489741
8.933527567834226,8.322200568692447,0.6113269991417791,0.6113269991417791,6.84306389049387
11.182356009792493,10.88479489597079,0.29756111382170225,0.29756111382170225,2.6609876627172775
8.962841117450026,8.48793356457426,0.47490755287576647,0.47490755287576647,5.2986273733130735
9.45941928209858,8.644984826040012,0.8144344560585672,0.8144344560585672,8.609772246799958
10.011627976178124,9.988678315297237,0.02294966088088657,0.02294966088088657,0.229230060640422
7.172769137192766,6.922242670213296,0.25052646697947,0.25052646697947,3.4927440460954173
8.103624054790423,8.566719216439658,-0.46309516164923537,0.46309516164923537,5.714667394713093
12.824051271009102,13.070731828247535,-0.24668055723843274,0.24668055723843274,1.9235774407428883
8.676069479209465,8.89634231056849,-0.22027283135902564,0.22027283135902564,2.5388550873972044
11.245755080532842,11.209238666981332,0.03651641355151014,0.03651641355151014,0.3247128653434976
7.984255316571588,9.081349504603175,-1.097094188031587,1.097094188031587,13.74072026171973
9.61632230502184,8.530502468252658,1.085819836769181,1.085819836769181,11.291425165753271
9.066741533716002,7.752016518778097,1.3147250149379044,1.3147250149379044,14.500523810554295
8.335391897939251,8.170698352792305,0.164693545146946,0.164693545146946,1.975834455818004
7.788716082174724,7.315060790801354,0.4736552913733698,0.4736552913733698,6.081301287350537
4.746940785957765,4.713913304144082,0.03302748181368287,0.03302748181368287,0.695763509656232
4.143957715853989,4.297618852340888,-0.15366113648689872,0.15366113648689872,3.708076844003997
6.588603874059672,6.827955186590799,-0.2393513125311273,0.2393513125311273,3.6328077557293974
9.128637468360749,8.246053584662027,0.8825838836987216,0.8825838836987216,9.66829810864654
7.452219932089333,8.007712256711418,-0.5554923246220849,0.5554923246220849,7.454051674322297
9.373502531594657,8.750592743217254,0.6229097883774024,0.6229097883774024,6.645432550722644
8.977612248995197,9.156873897625442,-0.17926164863024496,0.17926164863024496,1.9967630997909107
6.437089583715317,6.566974618941532,-0.12988503522621464,0.12988503522621464,2.017760255423515
7.958188544771922,7.584125831190348,0.3740627135815737,0.3740627135815737,4.70034997885683
7.933605879359034,8.130118336417349,-0.196512457058315,0.196512457058315,2.476962683129799
11.632526137089496,11.102881418368009,0.529644718721487,0.529644718721487,4.553135857849069
10.359161744296143,10.02411025709387,0.3350514872022732,0.3350514872022732,3.2343494142926756
9.31261755569491,9.604374224569714,-0.2917566688748039,0.2917566688748039,3.132917969946989
8.365985222903614,8.285845945087313,0.08013927781630059,0.08013927781630059,0.9579179938891448
9.797445313707987,10.110428371138054,-0.31298305743006694,0.31298305743006694,3.194537426936797
11.280966169954896,10.831778223804665,0.4491879461502304,0.4491879461502304,3.981821586758879
9.239713924104564,9.275546038182327,-0.03583211407776332,0.03583211407776332,0.38780544908738473
11.247589772901424,11.508872285924728,-0.2612825130233034,0.2612825130233034,2.323008913899098
11.061321194180088,11.28077429294164,-0.2194530987615515,0.2194530987615515,1.9839682340751186
10.228197428837143,9.909671799987079,0.31852562885006463,0.31852562885006463,3.114191244999054
11.214074502290613,11.247456792277697,-0.03338228998708459,0.03338228998708459,0.297682077823416
9.357174016426583,9.507196702689878,-0.15002268626329496,0.15002268626329496,1.6032905447726964
4.855028115792821,4.5001990307141195,0.35482908507870103,0.35482908507870103,7.3084867196646055
7.608469039052268,7.58154144903185,0.026927590020418002,0.026927590020418002,0.3539160096756098
9.3461686835913,8.707955525998932,0.638213157592368,0.638213157592368,6.828607306359167
6.157326675930933,5.9115126509582465,0.24581402497268634,0.24581402497268634,3.9922199667199147
7.229223749832208,6.708322312228618,0.5209014376035901,0.5209014376035901,7.205496131112006
8.54721109583214,8.474763005942313,0.07244808988982676,0.07244808988982676,0.8476225645714365
10.08733055681765,9.817729850684785,0.2696007061328647,0.2696007061328647,2.6726665158271397
8.804860049538963,9.300866328622366,-0.496006279083403,0.496006279083403,5.633323826758322
6.529670208590832,5.300245010233924,1.2294251983569078,1.2294251983569078,18.82828931757382
7.016713177258568,6.9001049495815865,0.11660822767698154,0.11660822767698154,1.6618639629579446
4.942836278688068,5.198795319569157,-0.25595904088108945,0.25595904088108945,5.178383957095709
9.252755314349562,8.73254890976929,0.5202064045802715,0.5202064045802715,5.622178333987861
8.20036424889079,8.582627894427082,-0.3822636455362929,0.3822636455362929,4.6615447062366675
8.498330322568714,7.456300325989099,1.0420299965796147,1.0420299965796147,12.26158500584912
5.380791555134791,5.332950191340418,0.047841363794373315,0.047841363794373315,0.8891138655746509
6.682702992795771,7.344429246511227,-0.6617262537154565,0.6617262537154565,9.90207487043528
8.428232045633312,8.595392816339084,-0.16716077070577207,0.16716077070577207,1.9833432421023396
12.79948904718384,13.30019501702672,-0.5007059698428797,0.5007059698428797,3.9119215462202037
11.563172377326538,11.470260960450654,0.092911416875884,0.092911416875884,0.8035114745678952
5.56596746659422,6.361769723520814,-0.7958022569265939,0.7958022569265939,14.297644779687154
4.923830478361478,4.735417590247586,0.18841288811389223,0.18841288811389223,3.8265510752634824
10.089577340535394,9.821833439358477,0.2677439011769174,0.2677439011769174,2.65366815814219
9.647523606286748,9.549633629755013,0.09788997653173581,0.09788997653173581,1.0146642861588482
9.41493124607806,9.035640623913416,0.3792906221646444,0.3792906221646444,4.02860745608359
9.949976655794869,9.52902554081075,0.42095111498411875,0.42095111498411875,4.230674398004308
11.852794057912696,11.201179182822989,0.6516148750897077,0.6516148750897077,5.497563459770924
10.050418491217226,9.653895712025816,0.3965227791914092,0.3965227791914092,3.945336003052203
6.5992516748154895,5.979328735865265,0.6199229389502241,0.6199229389502241,9.393836899962702
5.8955560883259714,6.53763556223187,-0.6420794739058984,0.6420794739058984,10.89090603645186
5.387468806246664,6.024283484402133,-0.6368146781554689,0.6368146781554689,11.82029448443571
6.977013524580545,7.911504831000526,-0.9344913064199813,0.9344913064199813,13.393858319576104
4.102039911276535,4.479186734090327,-0.37714682281379197,0.37714682281379197,9.194128554844454
9.600691633270412,10.161856194789351,-0.5611645615189396,0.5611645615189396,5.845043075587072
6.405884557168435,7.440999384344218,-1.035114827175783,1.035114827175783,16.15881176031262
6.390875229937654,6.795251679178512,-0.4043764492408579,0.4043764492408579,6.327403285023964
4.4848223698802245,5.307411974600224,-0.8225896047199992,0.8225896047199992,18.341631772184723
10.66137834839234,11.411508800573202,-0.750130452180862,0.750130452180862,7.0359612769391715
4.564270953214955,4.856076066926963,-0.2918051137120088,0.2918051137120088,6.393246954510201
8.507995696151687,8.477490757967237,0.03050493818444977,0.03050493818444977,0.3585443537336024
8.122647892394058,7.701954306065157,0.42069358632890097,0.42069358632890097,5.179266563097398
8.716491628794602,9.150908287937536,-0.4344166591429346,0.4344166591429346,4.983847603407953
6.833637903299606,6.881942793011282,-0.04830488971167579,0.04830488971167579,0.7068693190248182
11.374770076034045,11.051862634952753,0.3229074410812913,0.3229074410812913,2.8388041158004405
9.827765949264952,9.326352076450888,0.501413872814064,0.501413872814064,5.102012760606761
8.992628937667313,9.385092041918705,-0.39246310425139264,0.39246310425139264,4.364275530234405
5.527272490283655,6.693652083136919,-1.1663795928532634,1.1663795928532634,21.102263275487722
9.009368597813143,8.557726007165506,0.4516425906476371,0.4516425906476371,5.013032664212062
11.031372729087469,11.01924217796269,0.012130551124778677,0.012130551124778677,0.10996411256046948
6.42476416589181,6.366672978848795,0.05809118704301497,0.05809118704301497,0.9041761774138435
10.92616944051275,10.398022485721611,0.5281469547911382,0.5281469547911382,4.833779648637345
8.298531498679486,8.596116482057749,-0.2975849833782629,0.2975849833782629,3.585995708103493
9.958013995647242,9.821295982987575,0.1367180126596672,0.1367180126596672,1.3729445722754372
10.081345049184192,10.578508172877918,-0.49716312369372595,0.49716312369372595,4.931515797427821
5.57949487858374,5.79784332595717,-0.21834844737342962,0.21834844737342962,3.9134088680954875
9.349496811857067,9.170357499585794,0.179139312271273,0.179139312271273,1.9160315883961567
6.28258924037361,6.204874440700471,0.07771479967313866,0.07771479967313866,1.2369868011380154
8.757796879725777,10.156724957508404,-1.3989280777826263,1.3989280777826263,15.97351590810621
6.00830536509647,7.237589749529511,-1.2292843844330408,1.2292843844330408,20.459752122024565
7.5835949216983325,7.171871096201094,0.41172382549723885,0.41172382549723885,5.42913789236298
8.95754951257288,8.92512761527202,0.032421897300860536,0.032421897300860536,0.36195052291201885
10.345794126593107,9.81457570487662,0.5312184217164866,0.5312184217164866,5.134631669801243
6.164388089080734,5.7408933718429855,0.4234947172377481,0.4234947172377481,6.870020367275447
9.523595791250388,9.962051159008826,-0.4384553677584382,0.4384553677584382,4.60388468146937
6.9399177736107625,6.422893729868805,0.5170240437419578,0.5170240437419578,7.45000244394763
8.800157389751497,9.63406813452643,-0.8339107447749328,0.8339107447749328,9.47608898161401
8.96069919333294,10.286470091263977,-1.3257708979310365,1.3257708979310365,14.79539564186525
6.965540635744452,7.318652577851779,-0.35311194210732744,0.35311194210732744,5.0694118457265755
10.62357373434838,10.654603466998662,-0.03102973265028197,0.03102973265028197,0.2920837509693742
6.428580342613187,5.955642286886584,0.47293805572660297,0.47293805572660297,7.356803999035905
10.50011692192592,10.818953138283051,-0.31883621635713055,0.31883621635713055,3.036501581152393
10.190944382801987,9.82555694529684,0.3653874375051469,0.3653874375051469,3.5854129291664734
12.668880173608295,13.331274021303283,-0.6623938476949878,0.6623938476949878,5.228511428144068
9.385478708458733,9.04335602036249,0.3421226880962429,0.3421226880962429,3.645234289305907
4.3006814957189,4.425286641237339,-0.12460514551843893,0.12460514551843893,2.8973348908185077
12.241695522391284,11.918117203766824,0.3235783186244596,0.3235783186244596,2.64324756348173
10.836201066040427,10.669758015325867,0.16644305071456067,0.16644305071456067,1.5359907932695764
8.316119616756831,8.332290078410903,-0.0161704616540721,0.0161704616540721,0.19444719892543286
7.137841552728627,6.644850998689345,0.4929905540392818,0.4929905540392818,6.9067175335493864
8.81278659959858,9.683365099659213,-0.870578500060633,0.870578500060633,9.87858369451823
9.950530464427958,9.854748724883656,0.09578173954430191,0.09578173954430191,0.9625792301898979
6.206564248287614,6.221609573168813,-0.01504532488119903,0.01504532488119903,0.2424098789495335
7.996005438900919,8.800049548144663,-0.804044109243744,0.804044109243744,10.055572315296759
11.214724969791153,10.435802393113446,0.7789225766777061,0.7789225766777061,6.945534364648906
9.7791481406395,10.299024017077219,-0.5198758764377196,0.5198758764377196,5.316167307837947
10.959106763451786,10.843485665877457,0.11562109757432815,0.11562109757432815,1.05502300570627
5.120397793022109,4.855417470079095,0.2649803229430141,0.2649803229430141,5.174994866690233
11.027259190852549,11.4970306627605,-0.46977147190795066,0.46977147190795066,4.260092773530168
12.527398173218268,12.526616526405434,0.0007816468128343246,0.0007816468128343246,0.00623949843396349
7.180919951982866,7.217302280567763,-0.03638232858489676,0.03638232858489676,0.5066527524074477
7.704164746385087,7.564137383422731,0.14002736296235607,0.14002736296235607,1.817554109652952
5.44349069267198,6.011648758313907,-0.568158065641927,0.568158065641927,10.437384717251021
11.358908117229598,11.6912197675297,-0.33231165030010246,0.33231165030010246,2.925559806193346
6.915063771620711,6.719315423070332,0.1957483485503797,0.1957483485503797,2.8307526150912325
7.71285206854109,7.155238074723748,0.5576139938173421,0.5576139938173421,7.22967313338886
4.333264726888353,4.9009888089499025,-0.5677240820615497,0.5677240820615497,13.10153239747305
8.535126554389851,9.737159024482205,-1.2020324700923535,1.2020324700923535,14.083358488388376
6.011429823095719,5.750685562573962,0.2607442605217569,0.2607442605217569,4.337474913538637
10.44597148883454,10.209281058080556,0.236690430753983,0.236690430753983,2.2658536930430646
8.990542359952332,9.218032803585741,-0.22749044363340865,0.22749044363340865,2.53033059103027
6.033414436635684,5.6893593077212,0.34405512891448353,0.34405512891448353,5.702494541487747
5.686820557450604,5.412331032904823,0.274489524545781,0.274489524545781,4.826766059747706
9.24205559970966,9.296886831073815,-0.054831231364154576,0.054831231364154576,0.5932796094180293
12.028566027520212,11.825329571972526,0.20323645554768532,0.20323645554768532,1.6896149971883574
8.493690057766445,8.770142153390788,-0.27645209562434303,0.27645209562434303,3.254793779195666
11.544001759185305,10.851250635638165,0.69275112354714,0.69275112354714,6.00096169420568
9.864380141587176,9.783603995951786,0.08077614563539015,0.08077614563539015,0.8188669179003608
12.352486100238522,12.150638423016767,0.201847677221755,0.201847677221755,1.6340652042333192
8.762759969056233,9.434825707212493,-0.6720657381562596,0.6720657381562596,7.66956690049154
7.116286606046203,6.469705393830889,0.6465812122153141,0.6465812122153141,9.085935516789894
9.796015556673057,9.996723026179634,-0.20070746950657714,0.20070746950657714,2.0488684235485417
6.954031370847879,6.514633760772632,0.4393976100752468,0.4393976100752468,6.318602644176348
7.989669186826725,8.55724272724029,-0.5675735404135649,0.5675735404135649,7.1038428142853975
8.00848940934124,7.560290065649924,0.448199343691317,0.448199343691317,5.596552867617325
11.467643939927704,11.439507364538594,0.02813657538911052,0.02813657538911052,0.24535619990035984
7.725213734998928,7.870196116158914,-0.14498238115998596,0.14498238115998596,1.8767426524802306
8.32223730724655,8.967455243564626,-0.6452179363180761,0.6452179363180761,7.752938452695354
10.01959538532778,9.208334144168393,0.8112612411593858,0.8112612411593858,8.096746524788399
7.873900648135658,8.932975374645675,-1.0590747265100173,1.0590747265100173,13.450445641078538
9.57216534924072,8.259307981460045,1.3128573677806745,1.3128573677806745,13.715364495712693
7.316349662570011,6.891589010202764,0.42476065236724736,0.42476065236724736,5.805636307136828
9.099517535617784,9.100847579815877,-0.0013300441980934607,0.0013300441980934607,0.014616645254952645
9.403842025548585,9.88804827860242,-0.484206253053836,0.484206253053836,5.149025810284061
7.422291561441926,6.666118241784825,0.7561733196571012,0.7561733196571012,10.187868711401034
9.22902450860152,9.278379199593095,-0.0493546909915743,0.0493546909915743,0.5347768980955176
6.70877526862845,7.950285701862709,-1.241510433234259,1.241510433234259,18.50576869134081
6.157184903324104,5.893780319257707,0.26340458406639744,0.26340458406639744,4.278003474025803
9.138357855722369,8.876567307552161,0.2617905481702074,0.2617905481702074,2.8647438883811738
5.405511782874699,5.055337043279894,0.35017473959480494,0.35017473959480494,6.478105194483157
10.711869833450136,10.644252298814784,0.06761753463535136,0.06761753463535136,0.6312393231684066
9.830314516571086,10.09566546355354,-0.26535094698245487,0.26535094698245487,2.6993128911099378
12.6673468449984,12.255401142289,0.4119457027094011,0.4119457027094011,3.252028287770888
9.78586631851356,9.160167247989028,0.6256990705245329,0.6256990705245329,6.39390576326179
7.159738314017725,6.976146572132632,0.18359174188509275,0.18359174188509275,2.564224191345749
12.34114460725869,11.75800074952287,0.5831438577358199,0.5831438577358199,4.725200751580467
8.643405960953286,8.50005247356745,0.14335348738583598,0.14335348738583598,1.6585300752207808
7.54313896349799,7.608016549317099,-0.06487758581910885,0.06487758581910885,0.8600873738778781
9.90719566786036,9.099795330327886,0.8074003375324743,0.8074003375324743,8.149635523518908
11.255836130023662,11.510265135142872,-0.25442900511920996,0.25442900511920996,2.260418525821903
9.586603471427782,10.727854400628317,-1.1412509292005346,1.1412509292005346,11.90464310537048
4.887325011302765,4.711897181785951,0.17542782951681346,0.17542782951681346,3.589444718963993
10.33806610887826,11.589092672309018,-1.2510265634307576,1.2510265634307576,12.10116621672969
10.068201847522184,9.856926202178862,0.21127564534332244,0.21127564534332244,2.0984446730705746
10.821982050102948,11.772060017541689,-0.950077967438741,0.950077967438741,8.77914935582159
7.369797853480566,6.975458585508083,0.39433926797248375,0.39433926797248375,5.350747412783479
7.333620591600839,7.718062163600807,-0.3844415719999681,0.3844415719999681,5.242179728254107
5.077942201717011,4.60873388700783,0.46920831470918145,0.46920831470918145,9.240127123749605
8.004946522533062,9.123028002305272,-1.1180814797722096,1.1180814797722096,13.967382250773703
9.61552976213048,9.45875742061507,0.15677234151540986,0.15677234151540986,1.6304077403289565
3.41630551212024,4.522632616034274,-1.106327103914034,1.106327103914034,32.3837285625963
11.35331054307679,12.09913855982128,-0.7458280167444915,0.7458280167444915,6.569255847575621
9.023157490669934,8.58508347074652,0.4380740199234143,0.4380740199234143,4.8549969384485285
6.217522693010352,6.251182985123902,-0.033660292113549595,0.033660292113549595,0.5413778730778096
7.1645725856359785,6.67999553196582,0.4845770536701588,0.4845770536701588,6.763516565407849
11.53870819097744,11.364633617422518,0.17407457355492184,0.17407457355492184,1.5086140551767957
6.9222946238776,7.128918247187494,-0.20662362330989392,0.20662362330989392,2.984900737931195
6.992775718515223,6.73902519035427,0.25375052816095334,0.25375052816095334,3.6287525637220384
7.56488666415771,7.956531619164853,-0.391644955007143,0.391644955007143,5.177142400067266
8.573929629896332,8.624523152198998,-0.050593522302666116,0.050593522302666116,0.5900855790354539
7.91033007315041,7.238909680251813,0.6714203928985976,0.6714203928985976,8.487893510001083
9.982413419504658,11.064389998829418,-1.0819765793247598,1.0819765793247598,10.838827584626815
7.392318073815298,7.230443568481543,0.16187450533375536,0.16187450533375536,2.1897665078446664
9.2616348795314,8.616953413254699,0.6446814662767011,0.6446814662767011,6.960773930977068
10.7713645677747,9.96662231513124,0.8047422526434609,0.8047422526434609,7.471126314404525
9.13822897186088,9.731439446632828,-0.5932104747719489,0.5932104747719489,6.491525618351292
7.919698207138528,7.4486540095589655,0.4710441975795625,0.4710441975795625,5.947754387344967
11.772918634520432,11.752762983828898,0.020155650691533467,0.020155650691533467,0.17120351645371332
3.7613228041363618,3.903394387822937,-0.14207158368657513,0.14207158368657513,3.777170721171224
6.702511613124552,6.277302227842158,0.42520938528239416,0.42520938528239416,6.344030563852638
8.40968278965849,7.305783513419619,1.103899276238871,1.103899276238871,13.12652693150748
8.419340410236815,7.892102832704799,0.5272375775320164,0.5272375775320164,6.262219507017017
10.687421892566542,10.940580386301594,-0.25315849373505195,0.25315849373505195,2.3687517558479856
8.418364049919722,7.4941708059429635,0.9241932439767586,0.9241932439767586,10.978299803814872
9.535496892529109,10.206969296973615,-0.671472404444506,0.671472404444506,7.041818711834436
7.862287961194744,8.230628036547268,-0.3683400753525241,0.3683400753525241,4.684896777763805
8.634445126846243,9.32335332958148,-0.6889082027352362,0.6889082027352362,7.9786042138745055
11.343127755808238,11.678214739354985,-0.3350869835467467,0.3350869835467467,2.954096883685064
7.15820945594864,6.474795242035831,0.6834142139128092,0.6834142139128092,9.547278800914047
6.269024458573788,6.896045930569551,-0.6270214719957634,0.6270214719957634,10.001898638921752
8.469874214667954,8.287666247100159,0.18220796756779478,0.18220796756779478,2.151247621272235
7.026655583484349,7.004148363089581,0.02250722039476738,0.02250722039476738,0.3203119909230928
5.430475648536505,5.631109948404574,-0.20063429986806902,0.20063429986806902,3.694599015873302
11.58329840234648,12.168118145071764,-0.5848197427252835,0.5848197427252835,5.048818759661875
10.175119710526484,10.34262908750051,-0.16750937697402613,0.16750937697402613,1.6462644346162565
11.293427585663272,10.90659791331976,0.3868296723435112,0.3868296723435112,3.425263671363882
8.900721428290126,8.183944196877292,0.7167772314128342,0.7167772314128342,8.053023984489883
8.601526689810811,8.547386062802266,0.05414062700854494,0.05414062700854494,0.6294304367232715
9.41256593080135,8.76409389999604,0.6484720308053102,0.6484720308053102,6.889428829213013
11.4261062333186,11.472822855992742,-0.04671662267414156,0.04671662267414156,0.40885864108208253
9.76289050721167,9.019127401059484,0.743763106152187,0.743763106152187,7.6182674137621715
8.144072017501356,8.275923511535462,-0.13185149403410534,0.13185149403410534,1.6189873290751924
5.706756868064806,6.151829817923594,-0.44507294985878776,0.44507294985878776,7.799052248912691
10.407170818404268,10.82368862531164,-0.41651780690737183,0.41651780690737183,4.002219375229171
10.146308681855164,10.153903884822553,-0.007595202967388914,0.007595202967388914,0.0748568095604223
5.364670826994193,5.674510758032107,-0.30983993103791363,0.30983993103791363,5.775562770391187
8.698450149076608,8.084275336304058,0.6141748127725499,0.6141748127725499,7.0607384332454695
6.051384017179975,6.525687469669328,-0.4743034524893526,0.4743034524893526,7.837933456921549
9.216246384882018,9.006467704163285,0.20977868071873296,0.20977868071873296,2.2761835128761962
9.713446808723411,10.127157111381525,-0.4137103026581137,0.4137103026581137,4.2591503387507155
10.50560948055126,11.079295031096992,-0.573685550545731,0.573685550545731,5.4607545769503325
10.12049046391452,10.102731144888793,0.017759319025726583,0.017759319025726583,0.17547883760227792
6.980276998348917,7.367666433616121,-0.3873894352672034,0.3873894352672034,5.549771668929968
9.900560886222763,10.21022968576259,-0.3096687995398266,0.3096687995398266,3.127790466606288
8.413131443123069,8.887110299789205,-0.47397885666613604,0.47397885666613604,5.633798305309594
11.5729264172029,10.99638896340483,0.5765374537980712,0.5765374537980712,4.981777581693261
7.32497533711232,6.8698353766054225,0.4551399605068971,0.4551399605068971,6.213535739853073
9.747100389729908,10.180904432353364,-0.4338040426234553,0.4338040426234553,4.4505958210970675
11.106266290814744,10.85519991204151,0.2510663787732348,0.2510663787732348,2.26058309965857
8.86478468092046,8.990284788116846,-0.1255001071963857,0.1255001071963857,1.4157152340823085
9.617642238915012,9.505929489312551,0.1117127496024608,0.1117127496024608,1.161539874611341
10.078816221565216,10.222227854338744,-0.1434116327735282,0.1434116327735282,1.4229015553103985
5.640295160192951,5.301626847168469,0.3386683130244821,0.3386683130244821,6.004443090401964
11.728839922290812,11.67421281007889,0.054627112211921514,0.054627112211921514,0.4657503433745564
6.147568727360435,6.121028832574012,0.02653989478642238,0.02653989478642238,0.43171367354225165
7.671707971848495,7.814654814728586,-0.1429468428800913,0.1429468428800913,1.8632988039252532
9.499919712339867,9.947437393700556,-0.44751768136068826,0.44751768136068826,4.71075224750992
9.65643069107042,8.814804643213506,0.8416260478569146,0.8416260478569146,8.715705365494834
8.739161197135251,8.870789417343293,-0.1316282202080412,0.1316282202080412,1.5061882626812024
5.737383244033473,6.912090766687849,-1.1747075226543764,1.1747075226543764,20.474621838727618
6.420055376108271,6.829887980010586,-0.4098326039023146,0.4098326039023146,6.383630356639512
3.678272217899008,3.747387028672856,-0.06911481077384796,0.06911481077384796,1.879002060737246
11.969728346417758,12.551279244986517,-0.581550898568759,0.581550898568759,4.858513758524877
9.291479460840335,9.157861772181057,0.13361768865927814,0.13361768865927814,1.4380668786108854
4.3719906939719575,4.645254514800208,-0.27326382082825074,0.27326382082825074,6.25032942556404
7.014448274730731,7.215794693187475,-0.20134641845674395,0.20134641845674395,2.870452679536983
10.55991449888531,10.057396402157082,0.5025180967282292,0.5025180967282292,4.758732627818855
7.954030684204255,8.84999261541243,-0.8959619312081752,0.8959619312081752,11.264250375441064
10.072219763612912,10.604228067868963,-0.5320083042560508,0.5320083042560508,5.281937018272713
11.73942534818334,11.002081498920695,0.7373438492626452,0.7373438492626452,6.280919443614402
11.064182733428934,11.120218071937028,-0.05603533850809406,0.05603533850809406,0.5064570954598467
9.799910978673283,9.810529487426757,-0.010618508753474032,0.010618508753474032,0.10835311439646945
8.294681861199319,8.32338018638519,-0.028698325185871454,0.028698325185871454,0.3459846401115858
9.236255850923255,9.654792436698573,-0.4185365857753176,0.4185365857753176,4.531452923464444
8.70413696691999,8.94997988057289,-0.24584291365290056,0.24584291365290056,2.8244375586830124
6.213100859151326,6.418377490507307,-0.2052766313559813,0.2052766313559813,3.3039320624198094
8.032435595928831,8.6310131656449,-0.5985775697160687,0.5985775697160687,7.452005840164501
7.87944020058193,8.012348987148394,-0.132908786566464,0.132908786566464,1.6867795577235056
8.114822725461316,8.279273235252822,-0.16445050979150544,0.16445050979150544,2.026544699190045
11.611665283372478,11.217860098187336,0.3938051851851423,0.3938051851851423,3.3914617376119027
8.36486895899663,8.39864203656754,-0.033773077570911525,0.033773077570911525,0.40374903344526064
10.592664057872636,10.575958010821795,0.016706047050840667,0.016706047050840667,0.15771336615196882
6.318067014745004,6.080928833265319,0.23713818147968535,0.23713818147968535,3.753334381010142
6.470150616395457,5.882711457356828,0.5874391590386283,0.5874391590386283,9.07921923100289
12.496304578104857,12.439270521104588,0.0570340570002692,0.0570340570002692,0.45640738542977144
8.939861378047988,9.26897322493189,-0.3291118468839027,0.3291118468839027,3.681397652228071
10.028589022574968,8.35829680439455,1.6702922181804176,1.6702922181804176,16.655306289055098
11.91077322044093,11.716598004987008,0.1941752154539227,0.1941752154539227,1.63024861493194
7.775488559398125,6.855582523683625,0.9199060357144999,0.9199060357144999,11.830845466329215
5.707729912739865,6.370750866667325,-0.6630209539274601,0.6630209539274601,11.616193549165189
3.701664233853142,4.416278688362593,-0.714614454509451,0.714614454509451,19.30522082402902
8.933189000059977,9.045913361319188,-0.11272436125921104,0.11272436125921104,1.2618602523516989
8.648804452928037,8.64042154633944,0.008382906588597194,0.008382906588597194,0.09692561132838629
7.749116427399779,8.985054684517154,-1.2359382571173754,1.2359382571173754,15.94940879643094
6.978967059826215,7.030103852732894,-0.05113679290667861,0.05113679290667861,0.7327272427039078
5.859713160719545,5.9037604490455005,-0.04404728832595506,0.04404728832595506,0.7516970049186888
8.712761626995714,9.657352781824656,-0.9445911548289416,0.9445911548289416,10.841466750360876
8.239863470016783,8.182476908428548,0.05738656158823474,0.05738656158823474,0.6964503938330164
9.476969196838374,8.003891004319609,1.4730781925187646,1.4730781925187646,15.543768919394616
7.236289421370132,8.190285089529107,-0.9539956681589752,0.9539956681589752,13.183492431102126
6.334777841525726,5.755044521724859,0.5797333198008676,0.5797333198008676,9.151596698476158
5.637758142054818,6.390633479639584,-0.7528753375847659,0.7528753375847659,13.35416168296929
5.329272190973263,6.082664533388113,-0.7533923424148492,0.7533923424148492,14.136871141446806
9.639051762322412,9.289436349828256,0.3496154124941562,0.3496154124941562,3.6270726738987924
11.918862590466215,12.676565523313892,-0.7577029328476765,0.7577029328476765,6.357174831881658
10.022572899767209,10.521243136524824,-0.498670236757615,0.498670236757615,4.975471286112546
8.719914364951919,8.569374270807723,0.1505400941441959,0.1505400941441959,1.7263941805353493
10.611606077316974,10.733003046677336,-0.1213969693603616,0.1213969693603616,1.1440018454874217
8.90997553738428,9.921951714601475,-1.0119761772171945,1.0119761772171945,11.357788503135243
11.434264388360788,11.085062114532597,0.34920227382819036,0.34920227382819036,3.053998595516575
5.66149252490034,6.1507430619152705,-0.4892505370149305,0.4892505370149305,8.641723624346618
9.75638080155276,9.662627748374335,0.09375305317842475,0.09375305317842475,0.9609408968897938
7.75553405131876,7.508126177333701,0.24740787398505848,0.24740787398505848,3.1900817190402115
8.295124514858912,8.207588779838979,0.08753573501993372,0.08753573501993372,1.055267282162341
11.35778389390038,10.881945022196632,0.4758388717037487,0.4758388717037487,4.18953975660071
7.871978158306897,7.344056979883259,0.5279211784236377,0.5279211784236377,6.7063343902516985
8.706081745570788,8.719141716064506,-0.013059970493717543,0.013059970493717543,0.15000973888582878
6.517722893155605,6.301633531839269,0.21608936131633527,0.21608936131633527,3.31541191392557
9.60136677896123,9.291639592680085,0.3097271862811457,0.3097271862811457,3.225865581552703
10.518888172811655,10.486186170232788,0.03270200257886735,0.03270200257886735,0.3108883946821752
8.077652299607799,8.321724845411469,-0.24407254580366988,0.24407254580366988,3.0215777648107056
6.967604671285419,6.746670500681744,0.22093417060367493,0.22093417060367493,3.1708769516470845
6.208718218955243,5.195597609754972,1.0131206092002705,1.0131206092002705,16.3177096056189
9.890302149756533,10.56943457946102,-0.6791324297044881,0.6791324297044881,6.866649971064899
5.68450195188151,6.5879973563643,-0.9034954044827908,0.9034954044827908,15.894011685293616
10.701142894146122,11.018743031744279,-0.3176001375981574,0.3176001375981574,2.9679085751849477
9.456417754281157,9.520938201931195,-0.06452044765003784,0.06452044765003784,0.682292696098666
8.288822539640512,7.698383925063958,0.5904386145765539,0.5904386145765539,7.123311082519103
9.332904116112651,10.078033861155761,-0.7451297450431102,0.7451297450431102,7.983900142686479
9.128622712475105,9.423283662427009,-0.29466094995190417,0.29466094995190417,3.2278795962201707
5.850140232636655,5.843452188924382,0.006688043712273384,0.006688043712273384,0.11432279306677552
6.3645123418173375,6.930557182628081,-0.5660448408107435,0.5660448408107435,8.89376609566152
7.405308634690475,7.399816128286853,0.005492506403622421,0.005492506403622421,0.07416985131305058
12.993808808802674,12.157530856471437,0.8362779523312369,0.8362779523312369,6.435972428382194
6.162450634893677,6.2453064394634445,-0.0828558045697676,0.0828558045697676,1.3445268689149854
9.32170333691082,8.863354263355978,0.45834907355484233,0.45834907355484233,4.9170098745787545
10.289036016778857,10.02780477133764,0.26123124544121623,0.26123124544121623,2.5389282826419604
6.905078073113184,6.739136901682727,0.1659411714304566,0.1659411714304566,2.4031758898801465
6.586265817879003,7.106655549460662,-0.520389731581659,0.520389731581659,7.901134663727281
7.2819157793477,7.292827217416345,-0.010911438068645474,0.010911438068645474,0.14984295890363758
9.53866870155111,9.296299234977983,0.24236946657312686,0.24236946657312686,2.540915028673912
8.54494237614603,8.742600505270273,-0.19765812912424252,0.19765812912424252,2.313159298487756
9.60138930743646,8.991644929711152,0.609744377725308,0.609744377725308,6.350584881013514
8.096755282441288,7.6972437518884735,0.3995115305528145,0.3995115305528145,4.934217678768181
7.259262486975059,6.697245245813245,0.5620172411618141,0.5620172411618141,7.742070798103998
11.090019715065582,10.487838422734836,0.6021812923307461,0.6021812923307461,5.429938880205003
8.045598516861096,8.006738613274656,0.03885990358643987,0.03885990358643987,0.48299580826711
7.101740311115645,7.597162498441898,-0.49542218732625365,0.49542218732625365,6.976067352826444
9.445444972161608,9.178398975874801,0.26704599628680725,0.26704599628680725,2.8272463295680317
6.231920760758265,6.753438156689627,-0.5215173959313617,0.5215173959313617,8.368485671629534
6.54078395488506,8.038791542277357,-1.498007587392297,1.498007587392297,22.902569443124516
8.856036320321282,8.626770381919759,0.22926593840152343,0.22926593840152343,2.588809825400604
5.663016400055838,5.97327430643291,-0.31025790637707207,0.31025790637707207,5.4786686892521255
11.785669830042233,11.67965788800219,0.10601194204004294,0.10601194204004294,0.8994986587000211
8.45113160182583,8.134671583647862,0.31646001817796865,0.31646001817796865,3.744587507187781
3.916894003259952,4.1095157413528485,-0.1926217380928965,0.1926217380928965,4.917716382740542
12.441761440233025,11.353651316124687,1.0881101241083382,1.0881101241083382,8.745627613383645
8.470953161741113,8.2973584804413,0.1735946812998126,0.1735946812998126,2.0492933674081617
9.75777735180898,10.131007700684961,-0.37323034887598183,0.37323034887598183,3.8249525011634873
10.135060634057549,9.923343170963475,0.21171746309407347,0.21171746309407347,2.088960991339554
8.441002889694419,7.749007457408567,0.6919954322858519,0.6919954322858519,8.19802387617597
12.849326970047018,12.168873057955924,0.6804539120910942,0.6804539120910942,5.295638547274078
12.002426795694811,12.023917756600598,-0.02149096090578695,0.02149096090578695,0.17905513003000034
6.836261900383338,7.116660700463325,-0.2803988000799871,0.2803988000799871,4.1016392315845005
10.378646366287482,10.409787775632195,-0.031141409344712656,0.031141409344712656,0.3000527067370556
10.54896149429562,10.84266705545539,-0.2937055611597703,0.2937055611597703,2.784213036691739
4.084954430038281,4.846087740522404,-0.7611333104841229,0.7611333104841229,18.63260223632385
7.854756036120948,7.561193883916784,0.2935621522041645,0.2935621522041645,3.7373809046924826
11.16500053759529,10.43731612876362,0.7276844088316707,0.7276844088316707,6.517549250278844
9.461018424335164,9.061027077784614,0.39999134655055,0.39999134655055,4.227783190039162
10.754838794454573,10.891763507119746,-0.1369247126651736,0.1369247126651736,1.2731451887105452
12.376433108886753,11.605957760822314,0.7704753480644388,0.7704753480644388,6.225342481843239
9.93577380871026,9.448670129062572,0.48710367964768864,0.48710367964768864,4.902523839871093
7.373429401215826,6.897285823691492,0.47614357752433367,0.47614357752433367,6.457559320305162
7.58340894471471,6.505072885074094,1.0783360596406162,1.0783360596406162,14.219674390528118
6.399534819936403,5.660235953874299,0.7392988660621045,0.7392988660621045,11.552384460179427
10.88441370645203,10.39342339632974,0.4909903101222888,0.4909903101222888,4.5109486221682396
7.778167435746696,8.05310840679294,-0.27494097104624426,0.27494097104624426,3.5347782535855146
6.765842104281559,6.40790758745251,0.3579345168290482,0.3579345168290482,5.290317322104519
10.100377885398457,10.606117798443949,-0.5057399130454918,0.5057399130454918,5.0071385326742215
9.672406068053313,8.827824317584026,0.8445817504692865,0.8445817504692865,8.731868208664533
6.473573872042673,6.876581030363809,-0.4030071583211363,0.4030071583211363,6.225419934753465
9.351930199557824,9.386117709079205,-0.03418750952138083,0.03418750952138083,0.3655663461110657
10.172873484488289,10.625855221715062,-0.45298173722677326,0.45298173722677326,4.452839582812908
11.815567367178506,12.393632972464244,-0.5780656052857385,0.5780656052857385,4.892406664207251
11.725829269951562,11.538021243858584,0.18780802609297886,0.18780802609297886,1.6016609296389206
5.198887282186655,5.626644037755391,-0.42775675556873516,0.42775675556873516,8.227852083548546
5.897002875925343,5.11632488941452,0.7806779865108222,0.7806779865108222,13.238555295571569
8.537953729665482,7.659234289761491,0.8787194399039908,0.8787194399039908,10.291920848093179
10.371640220380442,10.081980637884,0.2896595824964425,0.2896595824964425,2.7928039957195656
10.233961137782613,9.127100813961006,1.106860323821607,1.106860323821607,10.815561139226974
6.214536747699898,6.460009439652548,-0.2454726919526493,0.2454726919526493,3.9499757088652303
4.217923270091064,4.961608763191235,-0.7436854931001706,0.7436854931001706,17.631555755733665
12.009032638531153,11.185024696347133,0.8240079421840196,0.8240079421840196,6.8615680128987115
13.809138595641391,13.070726953341461,0.7384116422999298,0.7384116422999298,5.347267950029818
12.096666946345206,11.049220991897446,1.0474459544477597,1.0474459544477597,8.658963325135003
8.431364596305082,7.698075710337597,0.7332888859674851,0.7332888859674851,8.69715545558115
9.266106053253694,9.974178578090562,-0.7080725248368687,0.7080725248368687,7.641532708210658
5.581430978202492,6.210056750864511,-0.6286257726620192,0.6286257726620192,11.262806529670087
3.3016243995166787,3.525861566837384,-0.2242371673207053,0.2242371673207053,6.791722503429861
8.100045133234717,8.96514656035541,-0.8651014271206936,0.8651014271206936,10.680205022206083
8.787384765336336,8.80925229012214,-0.02186752478580445,0.02186752478580445,0.24885134052699548
9.462702098959635,10.040465786267182,-0.5777636873075469,0.5777636873075469,6.105694560236324
7.276492709371856,6.645057886912006,0.63143482245985,0.63143482245985,8.677735932403055
11.04644845067015,11.169509450259387,-0.12306099958923689,0.12306099958923689,1.1140322623944459
8.493530798382999,8.692565934124973,-0.1990351357419744,0.1990351357419744,2.3433733327942576
10.674930559848846,10.415642219597583,0.25928834025126335,0.25928834025126335,2.4289463879654014
7.967218565706869,7.413005152029408,0.554213413677461,0.554213413677461,6.956171832199384
10.520435098410266,11.389774122691493,-0.8693390242812278,0.8693390242812278,8.26333717331323
8.518987025455269,8.301529818540565,0.2174572069147036,0.2174572069147036,2.5526181254288542
12.631833051223168,12.305330676468827,0.32650237475434096,0.32650237475434096,2.5847584703688353
9.954443723431789,9.952589856403597,0.0018538670281920133,0.0018538670281920133,0.018623512068566838
9.623802357533958,10.226960270661532,-0.6031579131275748,0.6031579131275748,6.267355570279297
11.840163023595958,12.157187536280551,-0.3170245126845934,0.3170245126845934,2.6775350310025576
4.527049732499438,4.996228891460723,-0.4691791589612855,0.4691791589612855,10.3639055606806
6.591366590940115,6.907845945482041,-0.3164793545419258,0.3164793545419258,4.8014224391179985
6.728339934223911,6.351996168212604,0.37634376601130715,0.37634376601130715,5.593411891944146
10.859613507884148,11.210067717305254,-0.3504542094211054,0.3504542094211054,3.227133352090969
8.023035509670702,7.436758193643369,0.5862773160273331,0.5862773160273331,7.307425167452567
4.950810688018216,5.394650125833759,-0.4438394378155426,0.4438394378155426,8.964985045574611
4.198824989736842,4.529461652859317,-0.3306366631224753,0.3306366631224753,7.874504508538655
10.206299501720714,10.569731313480823,-0.3634318117601083,0.3634318117601083,3.5608577986452006
6.371535689722761,6.37039552559164,0.0011401641311215016,0.0011401641311215016,0.017894651880559623
7.963404338613228,7.566200177614817,0.3972041609984105,0.3972041609984105,4.98786880721896
5.454001509394867,5.327445982849037,0.1265555265458298,0.1265555265458298,2.3204160528344153
9.186679842657885,8.68452807184647,0.5021517708114143,0.5021517708114143,5.4660854564638015
6.5566626415760645,5.488319687882999,1.0683429536930653,1.0683429536930653,16.294005229408313
8.290401645905296,8.416077957826243,-0.1256763119209463,0.1256763119209463,1.5159254917766132
11.34978805820476,11.30468056967334,0.04510748853141955,0.04510748853141955,0.3974302277725032
8.774791064784669,8.846694517611445,-0.0719034528267759,0.0719034528267759,0.8194320787345197
11.282031109247251,12.138345396131173,-0.8563142868839222,0.8563142868839222,7.590072023308367
9.05431175190716,8.701304737462712,0.35300701444444904,0.35300701444444904,3.8987724756671116
9.157333915433467,9.264492714471867,-0.10715879903839998,0.10715879903839998,1.1701964788877917
6.912902296377189,5.836120512484628,1.076781783892561,1.076781783892561,15.576406807555559
8.670204174165917,7.558224219491589,1.1119799546743279,1.1119799546743279,12.825302984070747
11.384709920257883,10.687301963959293,0.6974079562985906,0.6974079562985906,6.125829829512188
8.69937819051201,9.35045451164096,-0.6510763211289508,0.6510763211289508,7.484170786356296
7.967252753922676,7.816016185156386,0.15123656876629,0.15123656876629,1.8982273242408267
5.745539938843699,6.480550745861778,-0.735010807018079,0.735010807018079,12.79271948052982
6.542540140474495,6.996040284815506,-0.45350014434101116,0.45350014434101116,6.931560748637933
9.561902231247853,9.709854247630801,-0.14795201638294841,0.14795201638294841,1.5473073537548636
7.894795659307646,8.160166274775863,-0.2653706154682167,0.2653706154682167,3.361336086708659
4.79120256207853,5.573024685115394,-0.7818221230368643,0.7818221230368643,16.317868278516126
9.549868937440554,8.86999054428039,0.6798783931601644,0.6798783931601644,7.119243181387342
9.087166230061252,7.564338402587855,1.5228278274733968,1.5228278274733968,16.758005619350623
10.643253455269615,11.30444605428351,-0.6611925990138943,0.6611925990138943,6.212316579631288
9.176842587738772,9.352930408192046,-0.1760878204532741,0.1760878204532741,1.9188279494795517
5.932169991682521,7.1519070231491355,-1.2197370314666145,1.2197370314666145,20.561397147701506
7.442347935900225,8.059137028071655,-0.6167890921714303,0.6167890921714303,8.287560558626632
7.94892969931353,8.102865250760791,-0.1539355514472609,0.1539355514472609,1.9365569613800304
7.0584555892834855,7.247269734213807,-0.18881414493032178,0.18881414493032178,2.6750064874954975
12.267528807013957,11.358591230238169,0.9089375767757879,0.9089375767757879,7.40929645305665
12.773930572685035,12.518073115699652,0.25585745698538354,0.25585745698538354,2.0029657710250355
8.847601508100572,8.543309682597712,0.30429182550285994,0.30429182550285994,3.439257805906611
5.670954862593594,4.706366999128991,0.9645878634646028,0.9645878634646028,17.009267166401877
11.22536709870072,11.105076393071363,0.12029070562935829,0.12029070562935829,1.0715970762620435
7.332155891338558,7.1997582964245765,0.1323975949139813,0.1323975949139813,1.805711674384637
9.684936078946045,9.389300913768269,0.2956351651777762,0.2956351651777762,3.052525724154789
7.653605241390658,7.810497393502384,-0.1568921521117259,0.1568921521117259,2.049911736540238
5.58026415452131,5.77151279059603,-0.19124863607471987,0.19124863607471987,3.4272326681840686
6.632472325096384,6.405371097292922,0.22710122780346254,0.22710122780346254,3.4240810465826144
10.670929964691863,10.660901999074362,0.010027965617501522,0.010027965617501522,0.09397461749521559
6.436696924319357,6.876025628935427,-0.4393287046160701,0.4393287046160701,6.825375029794905
9.129258067751053,8.770752224785742,0.35850584296531096,0.35850584296531096,3.9269986706995024
6.016853525428788,7.114334497927882,-1.0974809724990946,1.0974809724990946,18.24011450271898
7.842198806114473,7.658946145779899,0.1832526603345741,0.1832526603345741,2.3367510167135026
9.995656588974004,9.557365638139988,0.43829095083401626,0.43829095083401626,4.384814013293391
10.993262044276053,10.795029701413124,0.19823234286292823,0.19823234286292823,1.8032167528121774
12.121127728751278,11.445878971454873,0.675248757296405,0.675248757296405,5.570841033996507
10.532950525074131,10.18483850105026,0.3481120240238713,0.3481120240238713,3.304981099029906
10.403205294048384,8.859230332165412,1.543974961882972,1.543974961882972,14.841338974308924
12.669090715530444,12.567546124826103,0.10154459070434108,0.10154459070434108,0.8015144337064564
12.3428055953723,11.450269588829817,0.8925360065424819,0.8925360065424819,7.2312246972205525
10.453826517346732,9.34313500451742,1.1106915128293124,1.1106915128293124,10.624736415763815
11.303327427094764,10.575581991807624,0.7277454352871402,0.7277454352871402,6.438329244030302
4.496304373249061,4.552915093970428,-0.05661072072136708,0.05661072072136708,1.2590500113420875
7.398552915477382,6.611811446010064,0.7867414694673185,0.7867414694673185,10.633720924283677
9.382848322454567,8.318997981129609,1.063850341324958,1.063850341324958,11.338245112403705
7.102762424767702,7.347887874915395,-0.24512545014769316,0.24512545014769316,3.4511283848228955
11.499948488141175,11.883196980717187,-0.383248492576012,0.383248492576012,3.3326105153533554
6.60262862861774,7.022768465008838,-0.42013983639109753,0.42013983639109753,6.363220771952667
6.322315524653985,6.655666459684988,-0.3333509350310031,0.3333509350310031,5.272608330462076
11.052563510404228,11.378537706737317,-0.3259741963330889,0.3259741963330889,2.949308511335276
12.76440459906252,12.249985078102366,0.5144195209601534,0.5144195209601534,4.03010980236348
7.941753377731543,7.70502895740765,0.23672442032389363,0.23672442032389363,2.98075763706869
7.238638444891887,7.10213933927117,0.1364991056207172,0.1364991056207172,1.8857013879045301
7.366925888861709,7.113906977350617,0.25301891151109146,0.25301891151109146,3.4345250017193583
7.939370112310896,8.17053029605733,-0.2311601837464332,0.2311601837464332,2.9115683042410767
6.729857195725621,7.308111655925018,-0.5782544601993971,0.5782544601993971,8.592373409745866
11.564052327062676,11.58784655130598,-0.023794224243303574,0.023794224243303574,0.2057602609391462
7.497137852552828,7.298997190488264,0.1981406620645636,0.1981406620645636,2.64288407071367
4.9646122034318605,5.335271735307356,-0.3706595318754955,0.3706595318754955,7.4660319212701385
6.346612948677129,5.902077341794104,0.44453560688302485,0.44453560688302485,7.0042967875594595
9.296642793881242,9.160702163593063,0.1359406302881787,0.1359406302881787,1.4622550667177463
6.429814247439381,6.23477179254152,0.19504245489786154,0.19504245489786154,3.033407302171063
7.897911049955389,8.182620511244963,-0.284709461289574,0.284709461289574,3.6048704459792837
6.467719993343773,6.778185254272306,-0.31046526092853277,0.31046526092853277,4.800227301862894
7.185772096022532,6.261999542585609,0.9237725534369234,0.9237725534369234,12.855578232828313
8.559551635852062,8.581107124747232,-0.021555488895170782,0.021555488895170782,0.25182964963824345
5.63749518664674,6.37591134990085,-0.7384161632541097,0.7384161632541097,13.09830232765715
6.028428183549445,5.750258784980364,0.27816939856908096,0.27816939856908096,4.614293976797434
8.502312396920896,8.440499456372097,0.06181294054879949,0.06181294054879949,0.7270132837177917
9.955025858092949,10.220015609384435,-0.26498975129148583,0.26498975129148583,2.661869040511453
3.004880987690718,4.044906845163611,-1.0400258574728931,1.0400258574728931,34.6112162755625
10.206799842898526,10.422689694037908,-0.21588985113938186,0.21588985113938186,2.115157095880441
9.130160023615106,9.438090290807008,-0.3079302671919013,0.3079302671919013,3.3726710856703654
3.0421150097968805,4.31406779197616,-1.2719527821792793,1.2719527821792793,41.81146268576501
8.447790987569736,8.858529663804434,-0.41073867623469873,0.41073867623469873,4.862083790177439
5.732688596285732,5.364812691971093,0.3678759043146398,0.3678759043146398,6.417161827924691
11.774658931591304,11.61163890317953,0.16302002841177377,0.16302002841177377,1.3844989426775878
11.462367954555138,11.01271385645215,0.44965409810298773,0.44965409810298773,3.9228726549848325
4.923472836923898,4.319604865466103,0.6038679714577944,0.6038679714577944,12.265081812355055
11.114788285284444,11.17004914443973,-0.05526085915528611,0.05526085915528611,0.4971831917702777
9.374779804266856,9.041281748510347,0.33349805575650926,0.33349805575650926,3.5573961492377695
11.53814725132974,10.921527605700637,0.6166196456291022,0.6166196456291022,5.344182494793855
7.999308096725887,8.000783415155235,-0.0014753184293478938,0.0014753184293478938,0.018443075469886466
8.603852589762447,8.794751015180312,-0.19089842541786517,0.19089842541786517,2.218755184683329
7.148268094653773,6.729709520435122,0.4185585742186504,0.4185585742186504,5.855384390684683
12.594407898532166,12.362058459086459,0.23234943944570752,0.23234943944570752,1.8448619523652798
4.880520656274913,4.961549645625291,-0.0810289893503775,0.0810289893503775,1.6602529741616412
8.49741011821849,9.026616955799243,-0.5292068375807535,0.5292068375807535,6.227860374140721
11.00317800478241,10.60691464674258,0.39626335803983004,0.39626335803983004,3.601353698609607
5.842727772481323,5.434359930217422,0.40836784226390144,0.40836784226390144,6.989335429716134
9.573421885342515,9.820828466931022,-0.24740658158850692,0.24740658158850692,2.584306683144313
11.34532418669369,11.793366309541344,-0.44804212284765477,0.44804212284765477,3.949134599195842
7.345849466619746,8.282300325196633,-0.9364508585768876,0.9364508585768876,12.748026798428299
7.643906498162244,8.173486287816505,-0.5295797896542611,0.5295797896542611,6.9281301358354295
9.170625673232092,9.467623334085777,-0.29699766085368573,0.29699766085368573,3.2385757682879235
8.941393970862942,8.206601435529125,0.7347925353338169,0.7347925353338169,8.217874502882479
8.640069396920692,8.527718381994628,0.11235101492606425,0.11235101492606425,1.3003485245859945
8.62264233646951,9.328773160915386,-0.706130824445875,0.706130824445875,8.189262605260698
11.773368354114076,12.521758691415915,-0.7483903373018386,0.7483903373018386,6.3566374107399914
6.800812953846999,6.264903006725165,0.5359099471218345,0.5359099471218345,7.8800865537507185
10.077455250014856,9.478291982126336,0.5991632678885193,0.5991632678885193,5.945581032350762
11.04999703474567,10.4169681856461,0.6330288490995706,0.6330288490995706,5.728769402462926
8.793314061407543,9.006227972584712,-0.21291391117716962,0.21291391117716962,2.4213158962627634
11.175931921176993,10.271344980863049,0.9045869403139442,0.9045869403139442,8.094062729568574
12.297491938327791,12.331582258638683,-0.03409032031089154,0.03409032031089154,0.277213601617755
10.006135960536744,10.323289642583326,-0.3171536820465821,0.3171536820465821,3.1695919713404486
3.3558383977132253,4.263350288879386,-0.9075118911661608,0.9075118911661608,27.042776904411376
12.020093646506645,11.63111419134999,0.38897945515665455,0.38897945515665455,3.236076744457829
12.491182275665324,12.963094900457618,-0.471912624792294,0.471912624792294,3.7779660433876607
10.437662082532944,9.827304522230236,0.6103575603027078,0.6103575603027078,5.847646297384157
14.075057945311787,13.584242232870805,0.4908157124409822,0.4908157124409822,3.4871310253075465
10.552577303222948,10.49888591476883,0.05369138845411925,0.05369138845411925,0.5087988167376033
8.86406599982643,9.317963083988179,-0.4538970841617491,0.4538970841617491,5.120641973679314
7.0914687665397445,7.370423462270894,-0.2789546957311497,0.2789546957311497,3.9336659994522494
10.734987864804742,10.420246892160023,0.314740972644719,0.314740972644719,2.9319173585339104
5.817740615415088,5.589521102675251,0.22821951273983743,0.22821951273983743,3.9228203494520053
8.258102152852029,8.432058046896124,-0.17395589404409506,0.17395589404409506,2.1064875539716765
9.494877590971548,9.748449660267227,-0.25357206929567866,0.25357206929567866,2.6706196774647655
11.951474509058826,11.532577325550628,0.41889718350819827,0.41889718350819827,3.5049832821104037
8.528752110393835,8.800338975191526,-0.27158686479769045,0.27158686479769045,3.1843681382967204
11.23673505160413,11.083077693387155,0.15365735821697513,0.15365735821697513,1.367455559922981
9.81211232577772,9.128614215192062,0.6834981105856581,0.6834981105856581,6.965861049001834
10.32271687090249,9.9245338271693,0.398183043733189,0.398183043733189,3.8573473312590902
9.460347621060333,9.380162311051075,0.08018531000925755,0.08018531000925755,0.8475936955080964
10.821422752548154,10.070091694342835,0.7513310582053183,0.7513310582053183,6.942997010521561
10.65045342760527,10.280670096730551,0.3697833308747178,0.3697833308747178,3.4719961303831806
2.730559110772991,4.2899517859441865,-1.5593926751711953,1.5593926751711953,57.10891476470357
8.346911888677909,8.607740842173774,-0.26082895349586543,0.26082895349586543,3.124855718791814
7.967341484394185,7.952800577084867,0.014540907309318563,0.014540907309318563,0.18250638983907205
5.0878991851840905,4.5286499268919655,0.5592492582921249,0.5592492582921249,10.991751957677403
7.843752941068342,7.615933408148228,0.2278195329201136,0.2278195329201136,2.9044710437945525
7.075525006630841,7.082229137088871,-0.0067041304580302,0.0067041304580302,0.09475099659385575
8.571435267387125,9.214866346197322,-0.6434310788101971,0.6434310788101971,7.506690055262326
9.824735950748568,9.930486003970747,-0.10575005322217912,0.10575005322217912,1.0763653471432155
6.119765274194705,6.885562179387529,-0.7657969051928237,0.7657969051928237,12.513501268128202
13.039116735739512,13.787801745928395,-0.7486850101888827,0.7486850101888827,5.741838388000452
8.04512101597084,7.581427202550306,0.4636938134205346,0.4636938134205346,5.7636648659483045
9.206863828780516,7.684166852367438,1.5226969764130782,1.5226969764130782,16.53871507964689
11.80152847329188,12.186316640376308,-0.3847881670844284,0.3847881670844284,3.2604943330454628
7.143507304823895,6.644469100151365,0.49903820467252924,0.49903820467252924,6.98589899019963
11.196285534303833,10.287266499135443,0.9090190351683898,0.9090190351683898,8.118934019530712
10.2453145883415,10.629815761100131,-0.3845011727586307,0.3845011727586307,3.752946475613037
12.691106502306411,12.322943763893575,0.36816273841283653,0.36816273841283653,2.900950664513994
7.826709195419165,8.379062513980173,-0.5523533185610079,0.5523533185610079,7.057286846485756
4.924810374238547,4.8875140647134705,0.03729630952507623,0.03729630952507623,0.7573146312428898
10.493709818358942,10.773868910774999,-0.2801590924160564,0.2801590924160564,2.6697812047929212
9.588237662625264,9.445781760557207,0.14245590206805758,0.14245590206805758,1.4857360349269135
8.275024926169,8.672188806809553,-0.3971638806405533,0.3971638806405533,4.799549054946763
7.33068866312424,7.515591519747756,-0.18490285662351535,0.18490285662351535,2.5223122290493274
4.719617886007837,5.191684721981531,-0.4720668359736937,0.4720668359736937,10.00222576012396
5.902869101204039,6.09382264274789,-0.19095354154385102,0.19095354154385102,3.2349275965631903
5.592754624468757,5.117168222839714,0.47558640162904275,0.47558640162904275,8.50361643881735
8.148323011549143,8.584058287787526,-0.4357352762383826,0.4357352762383826,5.347545447336672
9.190567019724506,10.15952214054403,-0.9689551208195244,0.9689551208195244,10.542930797849397
6.716499641077034,7.11304129538092,-0.39654165430388577,0.39654165430388577,5.90399278634217
7.338372336724935,6.733789896959423,0.6045824397655117,0.6045824397655117,8.238644920480183
12.994026386156804,11.654230200569538,1.3397961855872662,1.3397961855872662,10.310862436100784
7.419652479341403,6.5897690034952685,0.8298834758461346,0.8298834758461346,11.184937275118823
8.068815584420928,8.096316437890449,-0.027500853469520692,0.027500853469520692,0.34082887608211876
7.662396005244052,7.540309956812528,0.12208604843152404,0.12208604843152404,1.593314262901184
9.3877138838596,10.10587773014,-0.7181638462803992,0.7181638462803992,7.650039777151135
9.199295279960976,9.01686349758059,0.1824317823803856,0.1824317823803856,1.9831060622413184
10.78264472010631,11.469293161875926,-0.6866484417696164,0.6866484417696164,6.368089273026205
9.974397636593547,9.94389296838237,0.030504668211177588,0.030504668211177588,0.3058296783683825
11.096039642765628,11.933742004123408,-0.8377023613577794,0.8377023613577794,7.549561720464316
10.815014515482687,10.83787000296156,-0.022855487478873115,0.022855487478873115,0.21133108463380593
8.11901267712785,7.750208084183842,0.36880459294400847,0.36880459294400847,4.542480811527385
9.568348775160224,8.920091430673951,0.6482573444862734,0.6482573444862734,6.775017923355518
8.777774723516034,9.313879173297076,-0.5361044497810425,0.5361044497810425,6.107521173274085
8.834256116698167,8.31690048311234,0.5173556335858276,0.5173556335858276,5.8562444505988696
8.448653315628398,8.998161080027034,-0.5495077643986352,0.5495077643986352,6.5040870286646815
8.258484905464945,7.470172721254236,0.7883121842107093,0.7883121842107093,9.545481928398923
9.070728406229396,10.321588093664483,-1.2508596874350868,1.2508596874350868,13.790068795093113
10.01373691637688,10.350042979313884,-0.3363060629370036,0.3363060629370036,3.3584471585926603
9.611958934117132,8.791595985199278,0.8203629489178539,0.8203629489178539,8.534815374689334
7.764347492135589,6.8708991522089296,0.8934483399266595,0.8934483399266595,11.50706277419477
9.852008315292508,9.952822668641952,-0.10081435334944366,0.10081435334944366,1.0232873351614753
9.607755084918152,9.914942932067706,-0.3071878471495548,0.3071878471495548,3.1972905682386235
8.622740811563588,8.858802082846346,-0.23606127128275745,0.23606127128275745,2.737659364249773
7.118296014388678,6.412713734360912,0.705582280027766,0.705582280027766,9.912235717670722
11.769429363616698,12.070328384598247,-0.3008990209815483,0.3008990209815483,2.5566152078003825
10.217481766536888,10.500098842824952,-0.282617076288064,0.282617076288064,2.7660149804588707
8.671890300353613,9.380467732110128,-0.708577431756515,0.708577431756515,8.170968580260077
10.22909083293633,9.781449489545096,0.4476413433912345,0.4476413433912345,4.376159628477324
11.443272488438588,11.24692986065055,0.19634262778803802,0.19634262778803802,1.7157908979831396
10.823355586823231,9.989371693251782,0.8339838935714496,0.8339838935714496,7.7054097214247825
5.149361393383246,5.3997374508700595,-0.2503760574868137,0.2503760574868137,4.862273947377988
6.984172735431547,6.521313611255235,0.4628591241763118,0.4628591241763118,6.627257682619617
9.34403182601178,9.958382319394774,-0.6143504933829949,0.6143504933829949,6.574790249245245
8.619007606526953,8.044259359024245,0.5747482475027077,0.5747482475027077,6.668380789772893
8.926295742452913,9.402779741527256,-0.47648399907434325,0.47648399907434325,5.337981317470971
7.0321249645418495,6.356718155018506,0.6754068095233432,0.6754068095233432,9.604590545943841
9.666894706298956,9.640806565985692,0.026088140313264674,0.026088140313264674,0.26987094724705774
6.485317434659862,7.028454054032997,-0.5431366193731346,0.5431366193731346,8.37486560750932
6.025249985540711,5.975896180323913,0.04935380521679811,0.04935380521679811,0.8191163077919839
8.563064795642514,8.754467997329057,-0.19140320168654235,0.19140320168654235,2.2352184206750563
8.263702802616796,8.556176768770023,-0.2924739661532261,0.2924739661532261,3.53926046397277
6.468741317119697,6.630956914233713,-0.16221559711401579,0.16221559711401579,2.5076840943493575
9.097571620063423,9.363930885536941,-0.2663592654735183,0.2663592654735183,2.9278061948542415
11.14967901468255,11.73121603343724,-0.5815370187546911,0.5815370187546911,5.215728793527501
6.067301116125329,5.366311510433805,0.7009896056915244,0.7009896056915244,11.553565453154679
6.006628406327323,5.5655808541749,0.44104755215242264,0.44104755215242264,7.342680823868304
10.43648917089771,10.722193095396252,-0.28570392449854154,0.28570392449854154,2.7375482292956406
7.580455793603624,8.165887827941198,-0.5854320343375736,0.5854320343375736,7.722913374569906
4.852630956548675,5.712731199325139,-0.8601002427764639,0.8601002427764639,17.724410747035066
7.823264000703546,8.24829193317994,-0.4250279324763948,0.4250279324763948,5.432872167399337
10.923677968115438,11.215974458040572,-0.2922964899251337,0.2922964899251337,2.675806544080692
4.879204297704268,5.777808939068946,-0.8986046413646784,0.8986046413646784,18.41703250235872
10.28623249617153,10.85004413876633,-0.5638116425947999,0.5638116425947999,5.481225928002765
11.22153065499752,10.721062037235477,0.5004686177620439,0.5004686177620439,4.459896186614788
5.9102060531741465,6.421833983022747,-0.5116279298486006,0.5116279298486006,8.656685151845506
5.079535689723016,4.817094559730608,0.26244112999240876,0.26244112999240876,5.166636205025257
7.923096201308915,7.987447402346097,-0.06435120103718273,0.06435120103718273,0.8121976485221996
